x1,label,area,min_threshold,max_threshold,type,percent_raw,region,plate,notes,calculation,well,treatment,genotype,temperature,symbiotic_state,cohort
1,A1-bf-Snap-371.czi,2555.779,0,65535,Tentacle Area,0,Tentacle,H2-32,NA,n/a,A1-H2-32,H2-32,H2,32,sym,W7-8
2,A1-fl-Snap-370.czi,410.827,1207,65535,Symbiont Area,16.074,Tentacle,H2-32,NA,16.07443367,A1-H2-32,H2-32,H2,32,sym,W7-8
3,A1-bf-Snap-371.czi,1133.8839999999998,0,65535,Tentacle Area,10.49,Tentacle,H2-32,NA,n/a,A1-H2-32,H2-32,H2,32,sym,W7-8
4,A1-fl-Snap-370.czi,104.22,1269,65535,Symbiont Area,9.190999999999999,Tentacle,H2-32,NA,9.191416406,A1-H2-32,H2-32,H2,32,sym,W7-8
5,A1-bf-Snap-371.czi,939.0649999999999,0,65535,Tentacle Area,16.074,Tentacle,H2-32,NA,n/a,A1-H2-32,H2-32,H2,32,sym,W7-8
6,A1-fl-Snap-370.czi,105.518,1395,65535,Symbiont Area,11.235999999999999,Tentacle,H2-32,NA,11.23649588,A1-H2-32,H2-32,H2,32,sym,W7-8
7,A1-bf-Snap-371.czi,2103.4370000000004,0,65535,Tentacle Area,0,Tentacle,H2-32,NA,n/a,A1-H2-32,H2-32,H2,32,sym,W7-8
8,A1-fl-Snap-370.czi,270.065,987,65535,Symbiont Area,12.839,Tentacle,H2-32,NA,12.83922456,A1-H2-32,H2-32,H2,32,sym,W7-8
9,A1-bf-Snap-371.czi,928.47,0,65535,Tentacle Area,0,Tentacle,H2-32,NA,n/a,A1-H2-32,H2-32,H2,32,sym,W7-8
10,A1-fl-Snap-370.czi,91.46300000000001,1348,65535,Symbiont Area,9.851,Tentacle,H2-32,NA,9.850937564,A1-H2-32,H2-32,H2,32,sym,W7-8
11,A2-bf-Snap-373.czi,3810.749,0,65535,Tentacle Area,0,Tentacle,H2-32,NA,n/a,A2-H2-32,H2-32,H2,32,sym,W7-8
12,A2-fl-Snap-372.czi,716.57,1281,65535,Symbiont Area,18.804000000000002,Tentacle,H2-32,NA,18.80391493,A2-H2-32,H2-32,H2,32,sym,W7-8
13,A2-bf-Snap-373.czi,1419.733,0,65535,Tentacle Area,0,Tentacle,H2-32,NA,n/a,A2-H2-32,H2-32,H2,32,sym,W7-8
14,A2-fl-Snap-372.czi,142.49200000000002,717,65535,Symbiont Area,10.036999999999999,Tentacle,H2-32,NA,10.03653504,A2-H2-32,H2-32,H2,32,sym,W7-8
15,A2-bf-Snap-373.czi,1320.27,0,65535,Tentacle Area,0,Tentacle,H2-32,NA,n/a,A2-H2-32,H2-32,H2,32,sym,W7-8
16,A2-fl-Snap-372.czi,287.79499999999996,1175,65535,Symbiont Area,21.798,Tentacle,H2-32,NA,21.79819279,A2-H2-32,H2-32,H2,32,sym,W7-8
17,A2-bf-Snap-373.czi,918.091,0,65535,Tentacle Area,0,Tentacle,H2-32,NA,n/a,A2-H2-32,H2-32,H2,32,sym,W7-8
18,A2-fl-Snap-372.czi,95.139,1281,65535,Symbiont Area,10.363000000000001,Tentacle,H2-32,NA,10.36269825,A2-H2-32,H2-32,H2,32,sym,W7-8
19,A3-bf-Snap-375.czi,1132.1539999999998,0,65535,Tentacle Area,0,Tentacle,H2-32,NA,n/a,A3-H2-32,H2-32,H2,32,sym,W7-8
20,A3-fl-Snap-374.czi,88.22,1221,65535,Symbiont Area,7.792,Tentacle,H2-32,NA,7.792226146,A3-H2-32,H2-32,H2,32,sym,W7-8
21,A3-bf-Snap-375.czi,2252.2,0,65535,Tentacle Area,0.039,Tentacle,H2-32,NA,n/a,A3-H2-32,H2-32,H2,32,sym,W7-8
22,A3-fl-Snap-374.czi,180.548,1190,65535,Symbiont Area,8.017,Tentacle,H2-32,NA,8.016517183,A3-H2-32,H2-32,H2,32,sym,W7-8
23,A3-bf-Snap-375.czi,1161.561,0,65535,Tentacle Area,0,Tentacle,H2-32,NA,n/a,A3-H2-32,H2-32,H2,32,sym,W7-8
24,A3-fl-Snap-374.czi,91.46300000000001,1221,65535,Symbiont Area,7.874,Tentacle,H2-32,NA,7.874145224,A3-H2-32,H2-32,H2,32,sym,W7-8
25,A3-bf-Snap-375.czi,2397.9350000000004,0,65535,Tentacle Area,0,Tentacle,H2-32,NA,n/a,A3-H2-32,H2-32,H2,32,sym,W7-8
26,A3-fl-Snap-374.czi,319.148,1129,65535,Symbiont Area,13.309000000000001,Tentacle,H2-32,NA,13.30928486,A3-H2-32,H2-32,H2,32,sym,W7-8
27,A3-bf-Snap-375.czi,1396.8129999999999,0,65535,Tentacle Area,0,Tentacle,H2-32,NA,n/a,A3-H2-32,H2-32,H2,32,sym,W7-8
28,A3-fl-Snap-374.czi,271.362,656,65535,Symbiont Area,19.427,Tentacle,H2-32,NA,19.42722469,A3-H2-32,H2-32,H2,32,sym,W7-8
29,A4-bf-Snap-377.czi,1757.261,0,65535,Tentacle Area,0,Tentacle,H2-32,NA,n/a,A4-H2-32,H2-32,H2,32,sym,W7-8
30,A4-fl-Snap-376.czi,770.626,1435,65535,Symbiont Area,43.85399999999999,Tentacle,H2-32,NA,43.85381568,A4-H2-32,H2-32,H2,32,sym,W7-8
31,A4-bf-Snap-377.czi,2669.081,0,65535,Tentacle Area,0,Tentacle,H2-32,NA,n/a,A4-H2-32,H2-32,H2,32,sym,W7-8
32,A4-fl-Snap-376.czi,797.87,1080,65535,Symbiont Area,29.893,Tentacle,H2-32,NA,29.89306057,A4-H2-32,H2-32,H2,32,sym,W7-8
33,A4-bf-Snap-377.czi,586.186,0,65535,Tentacle Area,0,Tentacle,H2-32,NA,n/a,A4-H2-32,H2-32,H2,32,sym,W7-8
34,A4-fl-Snap-376.czi,267.03799999999995,864,65535,Symbiont Area,45.555,Tentacle,H2-32,NA,45.55516508,A4-H2-32,H2-32,H2,32,sym,W7-8
35,A4-bf-Snap-377.czi,2008.514,0,65535,Tentacle Area,0,Tentacle,H2-32,NA,n/a,A4-H2-32,H2-32,H2,32,sym,W7-8
36,A4-fl-Snap-376.czi,871.6030000000001,1173,65535,Symbiont Area,43.395,Tentacle,H2-32,NA,43.39541572,A4-H2-32,H2-32,H2,32,sym,W7-8
37,A4-bf-Snap-377.czi,447.153,0,65535,Tentacle Area,0,Tentacle,H2-32,NA,n/a,A4-H2-32,H2-32,H2,32,sym,W7-8
38,A4-fl-Snap-376.czi,131.032,1636,65535,Symbiont Area,29.304000000000002,Tentacle,H2-32,NA,29.30361644,A4-H2-32,H2-32,H2,32,sym,W7-8
39,A5-bf-Snap-379.czi,2699.137,0,65535,Tentacle Area,0,Tentacle,H2-32,NA,n/a,A5-H2-32,H2-32,H2,32,sym,W7-8
40,A5-fl-Snap-378.czi,649.972,1189,65535,Symbiont Area,24.081,Tentacle,H2-32,NA,24.08073395,A5-H2-32,H2-32,H2,32,sym,W7-8
41,A5-fl-Snap-378.czi,226728.346,0,65535,Tentacle Area,0,Tentacle,H2-32,NA,REMOVED,A5-H2-32,H2-32,H2,32,sym,W7-8
42,A5-fl-Snap-378.czi,157.196,1006,65535,Symbiont Area,0.06899999999999999,Tentacle,H2-32,NA,REMOVED,A5-H2-32,H2-32,H2,32,sym,W7-8
43,A5-fl-Snap-378.czi,226728.346,0,65535,Tentacle Area,0,Tentacle,H2-32,NA,REMOVED,A5-H2-32,H2-32,H2,32,sym,W7-8
44,A5-fl-Snap-378.czi,108.329,1052,65535,Symbiont Area,0.048,Tentacle,H2-32,NA,REMOVED,A5-H2-32,H2-32,H2,32,sym,W7-8
45,A5-bf-Snap-379.czi,1031.3929999999998,0,65535,Tentacle Area,0,Tentacle,H2-32,NA,n/a,A5-H2-32,H2-32,H2,32,sym,W7-8
46,A5-fl-Snap-378.czi,154.168,945,65535,Symbiont Area,14.947999999999999,Tentacle,H2-32,NA,14.94755152,A5-H2-32,H2-32,H2,32,sym,W7-8
47,A5-bf-Snap-379.czi,1085.233,0,65535,Tentacle Area,0,Tentacle,H2-32,NA,n/a,A5-H2-32,H2-32,H2,32,sym,W7-8
48,A5-fl-Snap-378.czi,136.87,1219,65535,Symbiont Area,12.612,Tentacle,H2-32,NA,12.61203815,A5-H2-32,H2-32,H2,32,sym,W7-8
49,A6-bf-Snap-381.czi,2008.9460000000001,0,65535,Tentacle Area,0,Tentacle,H2-32,NA,n/a,A6-H2-32,H2-32,H2,32,sym,W7-8
50,A6-fl-Snap-380.czi,160.006,1221,65535,Symbiont Area,7.965,Tentacle,H2-32,NA,7.964674013,A6-H2-32,H2-32,H2,32,sym,W7-8
53,A6-bf-Snap-381.czi,2093.707,0,65535,Tentacle Area,0,Tentacle,H2-32,NA,n/a,A6-H2-32,H2-32,H2,32,sym,W7-8
54,A6-fl-Snap-380.czi,136.006,1095,65535,Symbiont Area,6.496,Tentacle,H2-32,NA,6.495942364,A6-H2-32,H2-32,H2,32,sym,W7-8
55,A6-bf-Snap-381.czi,1101.018,0,65535,Tentacle Area,0,Tentacle,H2-32,NA,n/a,A6-H2-32,H2-32,H2,32,sym,W7-8
56,A6-fl-Snap-380.czi,81.51700000000001,1332,65535,Symbiont Area,7.404,Tentacle,H2-32,NA,7.403784498,A6-H2-32,H2-32,H2,32,sym,W7-8
57,A6-bf-Snap-381.czi,1625.796,0,65535,Tentacle Area,0.082,Tentacle,H2-32,NA,n/a,A6-H2-32,H2-32,H2,32,sym,W7-8
58,A6-fl-Snap-380.czi,195.9,1126,65535,Symbiont Area,12.049,Tentacle,H2-32,NA,12.04948222,A6-H2-32,H2-32,H2,32,sym,W7-8
59,A7-bf-Snap-383.czi,526.508,0,65535,Tentacle Area,0,Tentacle,H2-32,NA,n/a,A7-H2-32,H2-32,H2,32,sym,W7-8
60,A7-fl-Snap-382.czi,81.94900000000001,1326,65535,Symbiont Area,15.565000000000001,Tentacle,H2-32,NA,15.5646258,A7-H2-32,H2-32,H2,32,sym,W7-8
61,A7-bf-Snap-383.czi,1228.807,0,65535,Tentacle Area,0,Tentacle,H2-32,NA,n/a,A7-H2-32,H2-32,H2,32,sym,W7-8
62,A7-fl-Snap-382.czi,308.337,1326,65535,Symbiont Area,25.092,Tentacle,H2-32,NA,25.09238636,A7-H2-32,H2-32,H2,32,sym,W7-8
63,A7-bf-Snap-383.czi,2386.4750000000004,0,65535,Tentacle Area,0,Tentacle,H2-32,NA,n/a,A7-H2-32,H2-32,H2,32,sym,W7-8
64,A7-fl-Snap-382.czi,537.752,1058,65535,Symbiont Area,22.533,Tentacle,H2-32,NA,22.53331797,A7-H2-32,H2-32,H2,32,sym,W7-8
65,A7-bf-Snap-383.czi,1830.561,0,65535,Tentacle Area,0,Tentacle,H2-32,NA,n/a,A7-H2-32,H2-32,H2,32,sym,W7-8
66,A7-fl-Snap-382.czi,425.09799999999996,1137,65535,Symbiont Area,23.221999999999998,Tentacle,H2-32,NA,23.22227995,A7-H2-32,H2-32,H2,32,sym,W7-8
67,A7-bf-Snap-383.czi,969.985,0,65535,Tentacle Area,0,Tentacle,H2-32,NA,n/a,A7-H2-32,H2-32,H2,32,sym,W7-8
68,A7-fl-Snap-382.czi,232.226,1326,65535,Symbiont Area,23.941,Tentacle,H2-32,NA,23.94119497,A7-H2-32,H2-32,H2,32,sym,W7-8
69,A8-bf-Snap-385.czi,851.2780000000001,0,65535,Tentacle Area,0,Tentacle,H2-32,NA,n/a,A8-H2-32,H2-32,H2,32,sym,W7-8
70,A8-fl-Snap-384.czi,295.79599999999994,1623,65535,Symbiont Area,34.747,Tentacle,H2-32,NA,34.74728585,A8-H2-32,H2-32,H2,32,sym,W7-8
71,A8-bf-Snap-385.czi,851.9259999999999,0,65535,Tentacle Area,0,Tentacle,H2-32,NA,n/a,A8-H2-32,H2-32,H2,32,sym,W7-8
72,A8-fl-Snap-384.czi,307.256,1072,65535,Symbiont Area,36.066,Tentacle,H2-32,NA,36.06604329,A8-H2-32,H2-32,H2,32,sym,W7-8
73,A8-bf-Snap-385.czi,1647.6339999999998,0,65535,Tentacle Area,0,Tentacle,H2-32,NA,n/a,A8-H2-32,H2-32,H2,32,sym,W7-8
74,A8-fl-Snap-384.czi,453.856,1229,65535,Symbiont Area,27.546,Tentacle,H2-32,NA,27.54592343,A8-H2-32,H2-32,H2,32,sym,W7-8
75,A8-bf-Snap-385.czi,3790.8570000000004,0,65535,Tentacle Area,16.828,Body column,H2-32,NA,n/a,A8-H2-32,H2-32,H2,32,sym,W7-8
76,A8-fl-Snap-384.czi,736.246,788,65535,Symbiont Area,19.421999999999997,Body column,H2-32,NA,19.42162419,A8-H2-32,H2-32,H2,32,sym,W7-8
77,B1-bf-Snap-387.czi,1268.5919999999999,0,65535,Tentacle Area,0,Tentacle,H2-32,NA,n/a,B1-H2-32,H2-32,H2,32,sym,W7-8
78,B1-fl-Snap-386.czi,247.36100000000002,1134,65535,Symbiont Area,19.499,Tentacle,H2-32,NA,19.49886173,B1-H2-32,H2-32,H2,32,sym,W7-8
79,B1-bf-Snap-387.czi,1368.704,0,65535,Tentacle Area,0,Tentacle,H2-32,NA,n/a,B1-H2-32,H2-32,H2,32,sym,W7-8
80,B1-fl-Snap-386.czi,294.282,1527,65535,Symbiont Area,21.501,Tentacle,H2-32,NA,21.50077738,B1-H2-32,H2-32,H2,32,sym,W7-8
81,B1-bf-Snap-387.czi,1295.404,0,65535,Tentacle Area,0,Tentacle,H2-32,NA,n/a,B1-H2-32,H2-32,H2,32,sym,W7-8
82,B1-fl-Snap-386.czi,151.79,1055,65535,Symbiont Area,11.717999999999998,Tentacle,H2-32,NA,11.71758,B1-H2-32,H2-32,H2,32,sym,W7-8
83,B1-bf-Snap-387.czi,1338.433,0,65535,Tentacle Area,0,Tentacle,H2-32,NA,n/a,B1-H2-32,H2-32,H2,32,sym,W7-8
84,B1-fl-Snap-386.czi,139.465,1370,65535,Symbiont Area,10.42,Tentacle,H2-32,NA,10.42002102,B1-H2-32,H2-32,H2,32,sym,W7-8
85,B2-bf-Snap-389.czi,2009.595,0,65535,Tentacle Area,0,Tentacle,H2-32,NA,n/a,B2-H2-32,H2-32,H2,32,sym,W7-8
86,B2-fl-Snap-388.czi,404.341,1402,65535,Symbiont Area,20.121000000000002,Tentacle,H2-32,NA,20.1205218,B2-H2-32,H2-32,H2,32,sym,W7-8
87,B2-bf-Snap-389.czi,580.348,0,65535,Tentacle Area,0,Tentacle,H2-32,NA,n/a,B2-H2-32,H2-32,H2,32,sym,W7-8
88,B2-fl-Snap-388.czi,39.137,945,65535,Symbiont Area,6.744,Tentacle,H2-32,NA,6.743712393,B2-H2-32,H2-32,H2,32,sym,W7-8
89,B2-bf-Snap-389.czi,1188.589,0,65535,Tentacle Area,0,Tentacle,H2-32,NA,n/a,B2-H2-32,H2-32,H2,32,sym,W7-8
90,B2-fl-Snap-388.czi,227.685,1055,65535,Symbiont Area,19.156000000000002,Tentacle,H2-32,NA,19.15590671,B2-H2-32,H2-32,H2,32,sym,W7-8
91,B2-bf-Snap-389.czi,2232.739,0,65535,Tentacle Area,0,Tentacle,H2-32,NA,n/a,B2-H2-32,H2-32,H2,32,sym,W7-8
92,B2-fl-Snap-388.czi,592.24,1354,65535,Symbiont Area,26.525,Tentacle,H2-32,NA,26.52526784,B2-H2-32,H2-32,H2,32,sym,W7-8
93,B4-bf-Snap-391.czi,1180.805,0,65535,Tentacle Area,0,Tentacle,H2-32,NA,n/a,B4-H2-32,H2-32,H2,32,sym,W7-8
94,B4-fl-Snap-390.czi,204.98100000000002,933,65535,Symbiont Area,17.359,Tentacle,H2-32,NA,17.35942853,B4-H2-32,H2-32,H2,32,sym,W7-8
95,B4-bf-Snap-391.czi,1297.999,0,65535,Tentacle Area,0,Tentacle,H2-32,NA,n/a,B4-H2-32,H2-32,H2,32,sym,W7-8
96,B4-fl-Snap-390.czi,218.82000000000002,1138,65535,Symbiont Area,16.858,Tentacle,H2-32,NA,16.85825644,B4-H2-32,H2-32,H2,32,sym,W7-8
97,B4-bf-Snap-391.czi,1208.6979999999999,0,65535,Tentacle Area,0,Tentacle,H2-32,NA,n/a,B4-H2-32,H2-32,H2,32,sym,W7-8
98,B4-fl-Snap-390.czi,227.036,1202,65535,Symbiont Area,18.784,Tentacle,H2-32,NA,18.78351747,B4-H2-32,H2-32,H2,32,sym,W7-8
99,B4-bf-Snap-391.czi,6581.456999999999,0,65535,Tentacle Area,0,Body column,H2-32,NA,n/a,B4-H2-32,H2-32,H2,32,sym,W7-8
100,B4-fl-Snap-390.czi,306.175,1107,65535,Symbiont Area,4.651999999999999,Body column,H2-32,NA,4.652085397,B4-H2-32,H2-32,H2,32,sym,W7-8
101,B5-bf-Snap-393.czi,2285.498,0,65535,Tentacle Area,0,Tentacle,H2-32,NA,n/a,B5-H2-32,H2-32,H2,32,sym,W7-8
102,B5-fl-Snap-392.czi,273.308,929,65535,Symbiont Area,11.958,Tentacle,H2-32,NA,11.95835656,B5-H2-32,H2-32,H2,32,sym,W7-8
103,B5-bf-Snap-393.czi,1274.8629999999998,0,65535,Tentacle Area,0,Tentacle,H2-32,NA,n/a,B5-H2-32,H2-32,H2,32,sym,W7-8
104,B5-fl-Snap-392.czi,256.443,1291,65535,Symbiont Area,20.115000000000002,Tentacle,H2-32,NA,20.11533788,B5-H2-32,H2-32,H2,32,sym,W7-8
105,B5-bf-Snap-393.czi,1012.149,0,65535,Tentacle Area,0,Tentacle,H2-32,NA,n/a,B5-H2-32,H2-32,H2,32,sym,W7-8
106,B5-fl-Snap-392.czi,140.97899999999998,1212,65535,Symbiont Area,13.929,Tentacle,H2-32,NA,13.92868046,B5-H2-32,H2-32,H2,32,sym,W7-8
107,B5-bf-Snap-393.czi,2171.548,0,65535,Tentacle Area,0,Tentacle,H2-32,NA,n/a,B5-H2-32,H2-32,H2,32,sym,W7-8
108,B5-fl-Snap-392.czi,125.843,1149,65535,Symbiont Area,5.795,Tentacle,H2-32,NA,5.795082586,B5-H2-32,H2-32,H2,32,sym,W7-8
109,B5-bf-Snap-393.czi,2250.254,0,65535,Tentacle Area,0,Tentacle,H2-32,NA,n/a,B5-H2-32,H2-32,H2,32,sym,W7-8
110,B5-fl-Snap-392.czi,140.11399999999998,1196,65535,Symbiont Area,6.226999999999999,Tentacle,H2-32,NA,6.226585977,B5-H2-32,H2-32,H2,32,sym,W7-8
111,B5-bf-Snap-393.czi,2267.7679999999996,0,65535,Tentacle Area,0,Tentacle,H2-32,NA,n/a,B5-H2-32,H2-32,H2,32,sym,W7-8
112,B5-fl-Snap-392.czi,144.006,1181,65535,Symbiont Area,6.35,Tentacle,H2-32,NA,6.350120471,B5-H2-32,H2-32,H2,32,sym,W7-8
113,B7-bf-Snap-395.czi,10198.036,0,65535,Tentacle Area,0,Body column,H2-32,NA,n/a,B7-H2-32,H2-32,H2,32,sym,W7-8
114,B7-fl-Snap-394.czi,2361.177,841,65535,Symbiont Area,23.153000000000002,Body column,H2-32,NA,23.15325225,B7-H2-32,H2-32,H2,32,sym,W7-8
115,B7-bf-Snap-395.czi,5059.449,0,65535,Tentacle Area,0,Tentacle,H2-32,NA,n/a,B7-H2-32,H2-32,H2,32,sym,W7-8
116,B7-fl-Snap-394.czi,2263.0110000000004,1461,65535,Symbiont Area,44.72800000000001,Tentacle,H2-32,NA,44.72840817,B7-H2-32,H2-32,H2,32,sym,W7-8
117,B7-bf-Snap-395.czi,4863.549,0,65535,Tentacle Area,0,Tentacle,H2-32,NA,n/a,B7-H2-32,H2-32,H2,32,sym,W7-8
118,B7-fl-Snap-394.czi,2023.6499999999999,1092,65535,Symbiont Area,41.609,Tentacle,H2-32,NA,41.60850441,B7-H2-32,H2-32,H2,32,sym,W7-8
119,B7-bf-Snap-395.czi,3160.561,0,65535,Tentacle Area,0,Tentacle,H2-32,NA,n/a,B7-H2-32,H2-32,H2,32,sym,W7-8
120,B7-fl-Snap-394.czi,1266.8619999999999,988,65535,Symbiont Area,40.083,Tentacle,H2-32,NA,40.08345354,B7-H2-32,H2-32,H2,32,sym,W7-8
121,B8-bf-Snap-397.czi,2076.8410000000003,0,65535,Tentacle Area,0,Tentacle,H2-32,NA,n/a,B8-H2-32,H2-32,H2,32,sym,W7-8
122,B8-fl-Snap-396.czi,1083.72,970,65535,Symbiont Area,52.181,Tentacle,H2-32,NA,52.18117323,B8-H2-32,H2-32,H2,32,sym,W7-8
123,B8-bf-Snap-397.czi,7433.383,0,65535,Tentacle Area,0,Body column,H2-32,NA,n/a,B8-H2-32,H2-32,H2,32,sym,W7-8
124,B8-fl-Snap-396.czi,1407.1919999999998,610,65535,Symbiont Area,18.931,Body column,H2-32,NA,18.93070759,B8-H2-32,H2-32,H2,32,sym,W7-8
125,B8-bf-Snap-397.czi,1692.826,0,65535,Tentacle Area,0,Tentacle,H2-32,NA,n/a,B8-H2-32,H2-32,H2,32,sym,W7-8
126,B8-fl-Snap-396.czi,723.9209999999999,939,65535,Symbiont Area,42.764,Tentacle,H2-32,NA,42.76405254,B8-H2-32,H2-32,H2,32,sym,W7-8
127,B8-bf-Snap-397.czi,5112.424,0,65535,Tentacle Area,0,Tentacle,H2-32,NA,n/a,B8-H2-32,H2-32,H2,32,sym,W7-8
128,B8-fl-Snap-396.czi,2341.717,1580,65535,Symbiont Area,45.803999999999995,Tentacle,H2-32,NA,45.80443641,B8-H2-32,H2-32,H2,32,sym,W7-8
129,C1-bf-Snap-399.czi,2450.694,0,65535,Tentacle Area,0,Tentacle,H2-32,NA,n/a,C1-H2-32,H2-32,H2,32,sym,W7-8
130,C1-fl-Snap-398.czi,466.181,763,65535,Symbiont Area,19.022,Tentacle,H2-32,NA,19.02240753,C1-H2-32,H2-32,H2,32,sym,W7-8
131,C1-bf-Snap-399.czi,3707.61,0,65535,Tentacle Area,0,Tentacle,H2-32,NA,n/a,C1-H2-32,H2-32,H2,32,sym,W7-8
132,C1-fl-Snap-398.czi,998.959,1190,65535,Symbiont Area,26.942999999999998,Tentacle,H2-32,NA,26.94347572,C1-H2-32,H2-32,H2,32,sym,W7-8
133,C1-bf-Snap-399.czi,1904.2939999999999,0,65535,Tentacle Area,0,Tentacle,H2-32,NA,n/a,C1-H2-32,H2-32,H2,32,sym,W7-8
134,C1-fl-Snap-398.czi,516.129,824,65535,Symbiont Area,27.103,Tentacle,H2-32,NA,27.10343046,C1-H2-32,H2-32,H2,32,sym,W7-8
135,C1-bf-Snap-399.czi,3128.3430000000003,0,65535,Tentacle Area,0,Tentacle,H2-32,NA,n/a,C1-H2-32,H2-32,H2,32,sym,W7-8
136,C1-fl-Snap-398.czi,463.803,748,65535,Symbiont Area,14.826,Tentacle,H2-32,NA,14.82583591,C1-H2-32,H2-32,H2,32,sym,W7-8
137,C1-bf-Snap-399.czi,3195.157,0,65535,Tentacle Area,0,Tentacle,H2-32,NA,n/a,C1-H2-32,H2-32,H2,32,sym,W7-8
138,C1-fl-Snap-398.czi,411.692,870,65535,Symbiont Area,12.885000000000002,Tentacle,H2-32,NA,12.88487545,C1-H2-32,H2-32,H2,32,sym,W7-8
139,C2-bf-Snap-401.czi,1093.8819999999998,0,65535,Tentacle Area,0,Tentacle,H2-32,NA,n/a,C2-H2-32,H2-32,H2,32,sym,W7-8
140,C2-fl-Snap-400.czi,273.741,1021,65535,Symbiont Area,25.025,Tentacle,H2-32,NA,25.02472844,C2-H2-32,H2-32,H2,32,sym,W7-8
141,C2-bf-Snap-401.czi,1779.316,0,65535,Tentacle Area,0,Tentacle,H2-32,NA,n/a,C2-H2-32,H2-32,H2,32,sym,W7-8
142,C2-fl-Snap-400.czi,622.296,1099,65535,Symbiont Area,34.974,Tentacle,H2-32,NA,34.97388884,C2-H2-32,H2-32,H2,32,sym,W7-8
143,C2-bf-Snap-401.czi,1712.286,0,65535,Tentacle Area,0,Tentacle,H2-32,NA,n/a,C2-H2-32,H2-32,H2,32,sym,W7-8
144,C2-fl-Snap-400.czi,600.241,1114,65535,Symbiont Area,35.055,Tentacle,H2-32,NA,35.05494993,C2-H2-32,H2-32,H2,32,sym,W7-8
145,C2-bf-Snap-401.czi,2589.5110000000004,0,65535,Tentacle Area,0,Tentacle,H2-32,NA,n/a,C2-H2-32,H2-32,H2,32,sym,W7-8
146,C2-fl-Snap-400.czi,920.9019999999999,928,65535,Symbiont Area,35.563,Tentacle,H2-32,NA,35.56277614,C2-H2-32,H2-32,H2,32,sym,W7-8
147,C2-bf-Snap-401.czi,883.495,0,65535,Tentacle Area,0,Tentacle,H2-32,NA,n/a,C2-H2-32,H2-32,H2,32,sym,W7-8
148,C2-fl-Snap-400.czi,438.93699999999995,1346,65535,Symbiont Area,49.682,Tentacle,H2-32,NA,49.68188841,C2-H2-32,H2-32,H2,32,sym,W7-8
150,C3-bf-Snap-403.czi,3473.006,0,65535,Tentacle Area,0,Tentacle,H2-32,NA,n/a,C3-H2-32,H2-32,H2,32,sym,W7-8
151,C3-fl-Snap-402.czi,1386.4350000000002,1281,65535,Symbiont Area,39.92,Tentacle,H2-32,NA,39.92031687,C3-H2-32,H2-32,H2,32,sym,W7-8
152,C3-bf-Snap-403.czi,3287.9170000000004,0,65535,Tentacle Area,0,Tentacle,H2-32,NA,n/a,C3-H2-32,H2-32,H2,32,sym,W7-8
153,C3-fl-Snap-402.czi,2176.3050000000003,1470,65535,Symbiont Area,66.191,Tentacle,H2-32,NA,66.1909957,C3-H2-32,H2-32,H2,32,sym,W7-8
154,C3-bf-Snap-403.czi,4570.78,0,65535,Tentacle Area,0,Tentacle,H2-32,NA,n/a,C3-H2-32,H2-32,H2,32,sym,W7-8
155,C3-fl-Snap-402.czi,2070.5710000000004,1325,65535,Symbiont Area,45.3,Tentacle,H2-32,NA,45.30016759,C3-H2-32,H2-32,H2,32,sym,W7-8
156,C5-bf-Snap-573.czi,1092.801,0,65535,Tentacle Area,0,Tentacle,H2-32,NA,n/a,C5-H2-32,H2-32,H2,32,sym,W7-8
157,C5-fl-Snap-572.czi,480.884,1367,65535,Symbiont Area,44.005,Tentacle,H2-32,NA,44.00471815,C5-H2-32,H2-32,H2,32,sym,W7-8
158,C5-bf-Snap-573.czi,1979.3239999999998,0,65535,Tentacle Area,0,Tentacle,H2-32,NA,n/a,C5-H2-32,H2-32,H2,32,sym,W7-8
159,C5-fl-Snap-572.czi,842.629,1918,65535,Symbiont Area,42.572,Tentacle,H2-32,NA,42.57155473,C5-H2-32,H2-32,H2,32,sym,W7-8
160,C5-bf-Snap-573.czi,210.60299999999998,0,65535,Tentacle Area,0,Tentacle,H2-32,NA,n/a,C5-H2-32,H2-32,H2,32,sym,W7-8
161,C5-fl-Snap-572.czi,139.89800000000002,1163,65535,Symbiont Area,66.427,Tentacle,H2-32,NA,66.42735384,C5-H2-32,H2-32,H2,32,sym,W7-8
162,C5-bf-Snap-573.czi,2060.408,0,65535,Tentacle Area,0,Tentacle,H2-32,NA,n/a,C5-H2-32,H2-32,H2,32,sym,W7-8
163,C5-fl-Snap-572.czi,972.796,1305,65535,Symbiont Area,47.214,Tentacle,H2-32,NA,47.21375572,C5-H2-32,H2-32,H2,32,sym,W7-8
164,C6-bf-Snap-407.czi,1926.1319999999998,0,65535,Tentacle Area,0,Tentacle,H2-32,NA,n/a,C6-H2-32,H2-32,H2,32,sym,W7-8
165,C6-fl-Snap-406.czi,361.52799999999996,919,65535,Symbiont Area,18.77,Tentacle,H2-32,NA,18.7696378,C6-H2-32,H2-32,H2,32,sym,W7-8
166,C6-bf-Snap-407.czi,3885.996,0,65535,Tentacle Area,0,Tentacle,H2-32,NA,n/a,C6-H2-32,H2-32,H2,32,sym,W7-8
167,C6-fl-Snap-406.czi,699.055,981,65535,Symbiont Area,17.988999999999997,Tentacle,H2-32,NA,17.98908182,C6-H2-32,H2-32,H2,32,sym,W7-8
168,C6-bf-Snap-407.czi,2953.4170000000004,0,65535,Tentacle Area,0,Tentacle,H2-32,NA,n/a,C6-H2-32,H2-32,H2,32,sym,W7-8
169,C6-fl-Snap-406.czi,687.379,732,65535,Symbiont Area,23.274,Tentacle,H2-32,NA,23.27402463,C6-H2-32,H2-32,H2,32,sym,W7-8
170,C6-bf-Snap-407.czi,2783.8970000000004,0,65535,Tentacle Area,0,Tentacle,H2-32,NA,n/a,C6-H2-32,H2-32,H2,32,sym,W7-8
171,C6-fl-Snap-406.czi,656.459,717,65535,Symbiont Area,23.581,Tentacle,H2-32,NA,23.58057787,C6-H2-32,H2-32,H2,32,sym,W7-8
172,C6-bf-Snap-407.czi,4687.326000000001,0,65535,Tentacle Area,0,Tentacle,H2-32,NA,n/a,C6-H2-32,H2-32,H2,32,sym,W7-8
173,C6-fl-Snap-406.czi,763.49,732,65535,Symbiont Area,16.287999999999997,Tentacle,H2-32,NA,16.28839129,C6-H2-32,H2-32,H2,32,sym,W7-8
175,C7-bf-Snap-409.czi,2763.572,0,65535,Tentacle Area,0,Tentacle,H2-32,NA,n/a,C7-H2-32,H2-32,H2,32,sym,W7-8
176,C7-fl-Snap-408.czi,1490.8709999999999,1248,65535,Symbiont Area,53.946999999999996,Tentacle,H2-32,NA,53.94724653,C7-H2-32,H2-32,H2,32,sym,W7-8
177,C7-bf-Snap-409.czi,3543.712,0,65535,Tentacle Area,0,Tentacle,H2-32,NA,n/a,C7-H2-32,H2-32,H2,32,sym,W7-8
178,C7-fl-Snap-408.czi,1339.298,1109,65535,Symbiont Area,37.794000000000004,Tentacle,H2-32,NA,37.79364689,C7-H2-32,H2-32,H2,32,sym,W7-8
179,C7-bf-Snap-409.czi,10709.624000000002,0,65535,Tentacle Area,0,Tentacle,H2-32,NA,n/a,C7-H2-32,H2-32,H2,32,sym,W7-8
180,C7-fl-Snap-408.czi,2556.8610000000003,786,65535,Symbiont Area,23.874000000000002,Tentacle,H2-32,NA,23.8744236,C7-H2-32,H2-32,H2,32,sym,W7-8
181,C7-bf-Snap-409.czi,1077.8819999999998,0,65535,Tentacle Area,0,Tentacle,H2-32,NA,n/a,C7-H2-32,H2-32,H2,32,sym,W7-8
182,C7-fl-Snap-408.czi,315.256,1079,65535,Symbiont Area,29.247999999999998,Tentacle,H2-32,NA,29.24772842,C7-H2-32,H2-32,H2,32,sym,W7-8
184,C8-fl-Snap-410.czi,427.477,641,65535,Symbiont Area,10.676,Tentacle,H2-32,NA,10.67552621,C8-H2-32,H2-32,H2,32,sym,W7-8
185,C8-bf-Snap-411.czi,3265.214,0,65535,Tentacle Area,0,Tentacle,H2-32,NA,n/a,C8-H2-32,H2-32,H2,32,sym,W7-8
186,C8-fl-Snap-410.czi,318.28299999999996,1485,65535,Symbiont Area,9.747999999999998,Tentacle,H2-32,NA,9.747691882,C8-H2-32,H2-32,H2,32,sym,W7-8
187,D1-bf-Snap-413.czi,3175.9130000000005,0,65535,Tentacle Area,0,Tentacle,H2-32,NA,n/a,D1-H2-32,H2-32,H2,32,sym,W7-8
188,D1-fl-Snap-412.czi,1335.838,831,65535,Symbiont Area,42.062000000000005,Tentacle,H2-32,NA,42.06154262,D1-H2-32,H2-32,H2,32,sym,W7-8
189,D1-bf-Snap-413.czi,1834.453,0,65535,Tentacle Area,0,Tentacle,H2-32,NA,n/a,D1-H2-32,H2-32,H2,32,sym,W7-8
190,D1-fl-Snap-412.czi,1035.934,1320,65535,Symbiont Area,56.471,Tentacle,H2-32,NA,56.47100253,D1-H2-32,H2-32,H2,32,sym,W7-8
191,D1-bf-Snap-413.czi,3668.69,0,65535,Tentacle Area,56.471,Tentacle,H2-32,NA,n/a,D1-H2-32,H2-32,H2,32,sym,W7-8
192,D1-fl-Snap-412.czi,1485.033,795,65535,Symbiont Area,40.479,Tentacle,H2-32,NA,40.47856319,D1-H2-32,H2-32,H2,32,sym,W7-8
193,D1-bf-Snap-413.czi,1262.538,0,65535,Tentacle Area,0,Tentacle,H2-32,NA,n/a,D1-H2-32,H2-32,H2,32,sym,W7-8
194,D1-fl-Snap-412.czi,669,1259,65535,Symbiont Area,52.989,Tentacle,H2-32,NA,52.98850411,D1-H2-32,H2-32,H2,32,sym,W7-8
195,D1-bf-Snap-413.czi,1105.775,0,65535,Tentacle Area,0,Tentacle,H2-32,NA,n/a,D1-H2-32,H2-32,H2,32,sym,W7-8
196,D1-fl-Snap-412.czi,544.887,941,65535,Symbiont Area,49.276,Tentacle,H2-32,NA,49.2764803,D1-H2-32,H2-32,H2,32,sym,W7-8
197,D1-bf-Snap-413.czi,6462.965,0,65535,Tentacle Area,0,Body column,H2-32,NA,n/a,D1-H2-32,H2-32,H2,32,sym,W7-8
198,D1-fl-Snap-412.czi,1319.6209999999999,562,65535,Symbiont Area,20.418,Body Column,H2-32,NA,20.41819815,D1-H2-32,H2-32,H2,32,sym,W7-8
199,D2-bf-Snap-415.czi,2971.58,0,65535,Tentacle Area,20.418,Tentacle,H2-32,NA,n/a,D2-H2-32,H2-32,H2,32,sym,W7-8
200,D2-fl-Snap-414.czi,140.11399999999998,1210,65535,Symbiont Area,4.715,Tentacle,H2-32,NA,4.715134709,D2-H2-32,H2-32,H2,32,sym,W7-8
201,D2-bf-Snap-415.czi,855.819,0,65535,Tentacle Area,0,Tentacle,H2-32,NA,n/a,D2-H2-32,H2-32,H2,32,sym,W7-8
202,D2-fl-Snap-414.czi,87.571,1351,65535,Symbiont Area,10.232,Tentacle,H2-32,NA,10.23242064,D2-H2-32,H2-32,H2,32,sym,W7-8
203,D2-bf-Snap-415.czi,418.612,0,65535,Tentacle Area,0,Tentacle,H2-32,NA,n/a,D2-H2-32,H2-32,H2,32,sym,W7-8
204,D2-fl-Snap-414.czi,77.409,1602,65535,Symbiont Area,18.491999999999997,Tentacle,H2-32,NA,18.49182537,D2-H2-32,H2-32,H2,32,sym,W7-8
205,D2-bf-Snap-415.czi,2128.3030000000003,0,65535,Tentacle Area,0,Tentacle,H2-32,NA,n/a,D2-H2-32,H2-32,H2,32,sym,W7-8
206,D2-fl-Snap-414.czi,306.607,958,65535,Symbiont Area,14.406,Tentacle,H2-32,NA,14.40617243,D2-H2-32,H2-32,H2,32,sym,W7-8
207,D3-bf-Snap-417.czi,2403.125,0,65535,Tentacle Area,14.406,Tentacle,H2-32,NA,n/a,D3-H2-32,H2-32,H2,32,sym,W7-8
208,D3-fl-Snap-416.czi,438.504,1004,65535,Symbiont Area,18.247,Tentacle,H2-32,NA,18.24724057,D3-H2-32,H2-32,H2,32,sym,W7-8
209,D3-bf-Snap-417.czi,3027.582,0,65535,Tentacle Area,0,Tentacle,H2-32,NA,n/a,D3-H2-32,H2-32,H2,32,sym,W7-8
210,D3-fl-Snap-416.czi,513.318,895,65535,Symbiont Area,16.955,Tentacle,H2-32,NA,16.95471832,D3-H2-32,H2-32,H2,32,sym,W7-8
211,D3-bf-Snap-417.czi,2761.409,0,65535,Tentacle Area,0,Tentacle,H2-32,NA,n/a,D3-H2-32,H2-32,H2,32,sym,W7-8
212,D3-fl-Snap-416.czi,994.8509999999999,1161,65535,Symbiont Area,36.027,Tentacle,H2-32,NA,36.02693408,D3-H2-32,H2-32,H2,32,sym,W7-8
213,D3-bf-Snap-417.czi,1520.9270000000001,0,65535,Tentacle Area,0,Tentacle,H2-32,NA,n/a,D3-H2-32,H2-32,H2,32,sym,W7-8
214,D3-fl-Snap-416.czi,443.477,1036,65535,Symbiont Area,29.158,Tentacle,H2-32,NA,29.15833567,D3-H2-32,H2-32,H2,32,sym,W7-8
215,D3-bf-Snap-417.czi,6770.2210000000005,0,65535,Tentacle Area,0,Tentacle,H2-32,NA,n/a,D3-H2-32,H2-32,H2,32,sym,W7-8
216,D3-fl-Snap-416.czi,2206.144,1365,65535,Symbiont Area,32.586,Tentacle,H2-32,NA,32.58599682,D3-H2-32,H2-32,H2,32,sym,W7-8
217,D4-bf-Snap-419.czi,5346.812000000001,0,65535,Tentacle Area,0,Tentacle,H2-32,NA,n/a,D4-H2-32,H2-32,H2,32,sym,W7-8
218,D4-fl-Snap-418.czi,1059.502,673,65535,Symbiont Area,19.816000000000003,Tentacle,H2-32,NA,19.81558357,D4-H2-32,H2-32,H2,32,sym,W7-8
219,D4-bf-Snap-419.czi,4691.866000000001,0,65535,Tentacle Area,0,Tentacle,H2-32,NA,n/a,D4-H2-32,H2-32,H2,32,sym,W7-8
220,D4-fl-Snap-418.czi,1187.508,759,65535,Symbiont Area,25.310000000000002,Tentacle,H2-32,NA,25.30992999,D4-H2-32,H2-32,H2,32,sym,W7-8
221,D4-bf-Snap-419.czi,18163.332,0,65535,Tentacle Area,0,Body Column,H2-32,NA,n/a,D4-H2-32,H2-32,H2,32,sym,W7-8
222,D4-fl-Snap-418.czi,1411.517,716,65535,Symbiont Area,7.771000000000001,Body Column,H2-32,NA,7.771244835,D4-H2-32,H2-32,H2,32,sym,W7-8
223,D4-bf-Snap-419.czi,3594.741,0,65535,Tentacle Area,0,Tentacle,H2-32,NA,n/a,D4-H2-32,H2-32,H2,32,sym,W7-8
224,D4-fl-Snap-418.czi,1928.078,587,65535,Symbiont Area,53.636,Tentacle,H2-32,NA,53.63607559,D4-H2-32,H2-32,H2,32,sym,W7-8
225,D5-bf--Snap-421.czi,5296.431,0,65535,Tentacle Area,0,Tentacle,H2-32,NA,n/a,D5-H2-32,H2-32,H2,32,sym,W7-8
226,D5-fl-Snap-420.czi,2054.7859999999996,1460,65535,Symbiont Area,38.79600000000001,Tentacle,H2-32,NA,38.79567203,D5-H2-32,H2-32,H2,32,sym,W7-8
227,D5-bf--Snap-421.czi,7218.023,0,65535,Tentacle Area,0,Body column,H2-32,NA,n/a,D5-H2-32,H2-32,H2,32,sym,W7-8
228,D5-fl-Snap-420.czi,1323.729,769,65535,Symbiont Area,18.339000000000002,Body column,H2-32,NA,18.33921837,D5-H2-32,H2-32,H2,32,sym,W7-8
229,D5-bf--Snap-421.czi,1882.4550000000002,0,65535,Tentacle Area,0,Tentacle,H2-32,NA,n/a,D5-H2-32,H2-32,H2,32,sym,W7-8
230,D5-fl-Snap-420.czi,1026.8529999999998,1076,65535,Symbiont Area,54.549,Tentacle,H2-32,NA,54.54860807,D5-H2-32,H2-32,H2,32,sym,W7-8
231,D6-bf-Snap-423.czi,3951.079,0,65535,Tentacle Area,0,Tentacle,H2-32,NA,n/a,D6-H2-32,H2-32,H2,32,sym,W7-8
232,D6-fl-Snap-422.czi,1315.297,1339,65535,Symbiont Area,33.290000000000006,Tentacle,H2-32,NA,33.2895647,D6-H2-32,H2-32,H2,32,sym,W7-8
233,D6-bf-Snap-423.czi,2569.402,0,65535,Tentacle Area,0,Tentacle,H2-32,NA,n/a,D6-H2-32,H2-32,H2,32,sym,W7-8
234,D6-fl-Snap-422.czi,997.878,819,65535,Symbiont Area,38.836999999999996,Tentacle,H2-32,NA,38.83697452,D6-H2-32,H2-32,H2,32,sym,W7-8
235,D6-bf-Snap-423.czi,1138.208,0,65535,Tentacle Area,0,Tentacle,H2-32,NA,n/a,D6-H2-32,H2-32,H2,32,sym,W7-8
236,D6-fl-Snap-422.czi,393.097,709,65535,Symbiont Area,34.536,Tentacle,H2-32,NA,34.53648191,D6-H2-32,H2-32,H2,32,sym,W7-8
237,D6-bf-Snap-423.czi,2980.445,0,65535,Tentacle Area,0,Body column,H2-32,NA,n/a,D6-H2-32,H2-32,H2,32,sym,W7-8
238,D6-fl-Snap-422.czi,588.132,788,65535,Symbiont Area,19.733,Body column,H2-32,NA,19.73302644,D6-H2-32,H2-32,H2,32,sym,W7-8
240,D7-fl-Snap-424.czi,548.7790000000001,1870,65535,Symbiont Area,53.59,Tentacle,H2-32,NA,53.58950121,D7-H2-32,H2-32,H2,32,sym,W7-8
241,D7-bf-Snap-425.czi,621.4309999999999,0,65535,Tentacle Area,0,Tentacle,H2-32,NA,n/a,D7-H2-32,H2-32,H2,32,sym,W7-8
242,D7-fl-Snap-424.czi,337.743,1195,65535,Symbiont Area,54.349,Tentacle,H2-32,NA,54.34923588,D7-H2-32,H2-32,H2,32,sym,W7-8
243,D7-bf-Snap-425.czi,145.303,0,65535,Tentacle Area,0,Tentacle,H2-32,NA,n/a,D7-H2-32,H2-32,H2,32,sym,W7-8
244,D7-fl-Snap-424.czi,77.62499999999999,1839,65535,Symbiont Area,53.423,Tentacle,H2-32,NA,53.42284743,D7-H2-32,H2-32,H2,32,sym,W7-8
245,D8-bf-Snap-427.czi,1530.008,0,65535,Tentacle Area,0,Tentacle,H2-32,NA,n/a,D8-H2-32,H2-32,H2,32,sym,W7-8
246,D8-fl-Snap-426.czi,185.953,636,65535,Symbiont Area,12.154,Tentacle,H2-32,NA,12.1537273,D8-H2-32,H2-32,H2,32,sym,W7-8
247,D8-bf-Snap-427.czi,1128.911,0,65535,Tentacle Area,0,Tentacle,H2-32,NA,n/a,D8-H2-32,H2-32,H2,32,sym,W7-8
248,D8-fl-Snap-426.czi,76.111,717,65535,Symbiont Area,6.742,Tentacle,H2-32,NA,6.741984089,D8-H2-32,H2-32,H2,32,sym,W7-8
249,D8-bf-Snap-427.czi,1464.708,0,65535,Tentacle Area,0,Tentacle,H2-32,NA,n/a,D8-H2-32,H2-32,H2,32,sym,W7-8
250,D8-fl-Snap-426.czi,86.49000000000001,554,65535,Symbiont Area,5.905,Tentacle,H2-32,NA,5.904931222,D8-H2-32,H2-32,H2,32,sym,W7-8
251,D8-bf-Snap-427.czi,522.4,0,65535,Tentacle Area,0,Tentacle,H2-32,NA,n/a,D8-H2-32,H2-32,H2,32,sym,W7-8
252,D8-fl-Snap-426.czi,41.731,649,65535,Symbiont Area,7.988,Tentacle,H2-32,NA,7.988323124,D8-H2-32,H2-32,H2,32,sym,W7-8
253,E1-BF-Snap-429.czi,1877.6979999999999,0,65535,Tentacle Area,0,0,H2-32,NA,n/a,E1-H2-32,H2-32,H2,32,sym,W7-8
254,E1-fl-Snap-428.czi,1096.6929999999998,1221,65535,Symbiont Area,58.406,0,H2-32,NA,58.40625063,E1-H2-32,H2-32,H2,32,sym,W7-8
255,E1-BF-Snap-429.czi,1369.137,0,65535,Tentacle Area,0,Tentacle,H2-32,NA,n/a,E1-H2-32,H2-32,H2,32,sym,W7-8
256,E1-fl-Snap-428.czi,747.49,1206,65535,Symbiont Area,54.596000000000004,Tentacle,H2-32,NA,54.59570518,E1-H2-32,H2-32,H2,32,sym,W7-8
257,E1-BF-Snap-429.czi,1609.795,0,65535,Tentacle Area,0,Tentacle,H2-32,NA,n/a,E1-H2-32,H2-32,H2,32,sym,W7-8
258,E1-fl-Snap-428.czi,678.082,1146,65535,Symbiont Area,42.12200000000001,Tentacle,H2-32,NA,42.1222578,E1-H2-32,H2-32,H2,32,sym,W7-8
259,E1-BF-Snap-429.czi,1016.69,0,65535,Tentacle Area,0,Tentacle,H2-32,NA,n/a,E1-H2-32,H2-32,H2,32,sym,W7-8
260,E1-fl-Snap-428.czi,471.15400000000005,1327,65535,Symbiont Area,46.342,Tentacle,H2-32,NA,46.34195281,E1-H2-32,H2-32,H2,32,sym,W7-8
261,E1-BF-Snap-429.czi,652.5669999999999,0,65535,Tentacle Area,0,Tentacle,H2-32,NA,n/a,E1-H2-32,H2-32,H2,32,sym,W7-8
262,E1-fl-Snap-428.czi,345.311,1628,65535,Symbiont Area,52.916,Tentacle,H2-32,NA,52.91579255,E1-H2-32,H2-32,H2,32,sym,W7-8
263,E2-bf-Snap-431.czi,1679.203,0,65535,Tentacle Area,0,Tentacle,H2-32,NA,n/a,E2-H2-32,H2-32,H2,32,sym,W7-8
264,E2-fl-Snap-430.czi,275.03799999999995,1421,65535,Symbiont Area,16.379,Tentacle,H2-32,NA,16.37907984,E2-H2-32,H2-32,H2,32,sym,W7-8
265,E2-bf-Snap-431.czi,2493.074,0,65535,Tentacle Area,0,Tentacle,H2-32,NA,n/a,E2-H2-32,H2-32,H2,32,sym,W7-8
266,E2-fl-Snap-430.czi,613.214,1357,65535,Symbiont Area,24.597,Tentacle,H2-32,NA,24.59670271,E2-H2-32,H2-32,H2,32,sym,W7-8
267,E2-bf-Snap-431.czi,3772.261,0,65535,Tentacle Area,0,Body column,H2-32,NA,n/a,E2-H2-32,H2-32,H2,32,sym,W7-8
268,E2-fl-Snap-430.czi,109.62599999999999,679,65535,Symbiont Area,2.9059999999999997,Body column,H2-32,NA,2.906108565,E2-H2-32,H2-32,H2,32,sym,W7-8
269,E3-bf-Snap-433.czi,4290.553,0,65535,Tentacle Area,0,Tentacle,H2-32,NA,n/a,E3-H2-32,H2-32,H2,32,sym,W7-8
270,E3-fl-Snap-432.czi,323.04,1010,65535,Symbiont Area,7.529,Tentacle,H2-32,NA,7.529099396,E3-H2-32,H2-32,H2,32,sym,W7-8
271,E3-bf-Snap-433.czi,1790.127,0,65535,Tentacle Area,0,Tentacle,H2-32,NA,n/a,E3-H2-32,H2-32,H2,32,sym,W7-8
272,E3-fl-Snap-432.czi,184.007,1136,65535,Symbiont Area,10.279,Tentacle,H2-32,NA,10.27899138,E3-H2-32,H2-32,H2,32,sym,W7-8
273,E3-bf-Snap-433.czi,1886.996,0,65535,Tentacle Area,0,Tentacle,H2-32,NA,n/a,E3-H2-32,H2-32,H2,32,sym,W7-8
274,E3-fl-Snap-432.czi,187.467,1136,65535,Symbiont Area,9.935,Tentacle,H2-32,NA,9.934679247,E3-H2-32,H2-32,H2,32,sym,W7-8
275,E3-bf-Snap-433.czi,2484.858,0,65535,Tentacle Area,0,Tentacle,H2-32,NA,n/a,E3-H2-32,H2-32,H2,32,sym,W7-8
276,E3-fl-Snap-432.czi,144.871,899,65535,Symbiont Area,5.83,Tentacle,H2-32,NA,5.830152065,E3-H2-32,H2-32,H2,32,sym,W7-8
277,E4-bf-Snap-435.czi,2070.5710000000004,0,65535,Tentacle Area,5.83,Tentacle,H2-32,NA,n/a,E4-H2-32,H2-32,H2,32,sym,W7-8
278,E4-fl-Snap-434.czi,1335.6219999999998,1185,65535,Symbiont Area,64.505,Tentacle,H2-32,NA,64.50500852,E4-H2-32,H2-32,H2,32,sym,W7-8
279,E4-bf-Snap-435.czi,1619.0929999999998,0,65535,Tentacle Area,0,Tentacle,H2-32,NA,n/a,E4-H2-32,H2-32,H2,32,sym,W7-8
280,E4-fl-Snap-434.czi,971.0659999999999,1528,65535,Symbiont Area,59.976,Tentacle,H2-32,NA,59.97592479,E4-H2-32,H2-32,H2,32,sym,W7-8
281,E4-bf-Snap-435.czi,1429.463,0,65535,Tentacle Area,0,Tentacle,H2-32,NA,n/a,E4-H2-32,H2-32,H2,32,sym,W7-8
282,E4-fl-Snap-434.czi,1119.1809999999998,1622,65535,Symbiont Area,78.29400000000001,Tentacle,H2-32,NA,78.29380684,E4-H2-32,H2-32,H2,32,sym,W7-8
283,E4-bf-Snap-435.czi,687.163,0,65535,Tentacle Area,0,Tentacle,H2-32,NA,n/a,E4-H2-32,H2-32,H2,32,sym,W7-8
284,E4-fl-Snap-434.czi,439.369,1544,65535,Symbiont Area,63.94,Tentacle,H2-32,NA,63.93956019,E4-H2-32,H2-32,H2,32,sym,W7-8
285,E4-bf-Snap-435.czi,1130.208,0,65535,Tentacle Area,0,Tentacle,H2-32,NA,n/a,E4-H2-32,H2-32,H2,32,sym,W7-8
286,E4-fl-Snap-434.czi,683.7030000000001,1341,65535,Symbiont Area,60.494,Tentacle,H2-32,NA,60.49355517,E4-H2-32,H2-32,H2,32,sym,W7-8
288,E6-fl-Snap-438.czi,473.965,1394,65535,Symbiont Area,58.452999999999996,Tentacle,H2-32,NA,58.45329065,E6-H2-32,H2-32,H2,32,sym,W7-8
289,E6-bf-Snap-439.czi,897.334,0,65535,Tentacle Area,0,Tentacle,H2-32,NA,n/a,E6-H2-32,H2-32,H2,32,sym,W7-8
290,E6-fl-Snap-438.czi,744.463,1450,65535,Symbiont Area,82.96400000000001,Tentacle,H2-32,NA,82.96386853,E6-H2-32,H2-32,H2,32,sym,W7-8
291,E6-bf-Snap-439.czi,3041.205,0,65535,Tentacle Area,82.96400000000001,Body column,H2-32,NA,n/a,E6-H2-32,H2-32,H2,32,sym,W7-8
292,E6-fl-Snap-438.czi,1239.8339999999998,1004,65535,Symbiont Area,40.76800000000001,Body column,H2-32,NA,40.76785353,E6-H2-32,H2-32,H2,32,sym,W7-8
293,E7-bf-Snap-441.czi,2091.761,0,65535,Tentacle Area,0,Tentacle,H2-32,NA,n/a,E7-H2-32,H2-32,H2,32,sym,W7-8
294,E7-fl-Snap-440.czi,325.851,949,65535,Symbiont Area,15.578,Tentacle,H2-32,NA,15.57783131,E7-H2-32,H2-32,H2,32,sym,W7-8
295,E7-bf-Snap-441.czi,823.385,0,65535,Tentacle Area,0,Tentacle,H2-32,NA,n/a,E7-H2-32,H2-32,H2,32,sym,W7-8
296,E7-fl-Snap-440.czi,131.465,1408,65535,Symbiont Area,15.966000000000001,Tentacle,H2-32,NA,15.96640697,E7-H2-32,H2-32,H2,32,sym,W7-8
297,E7-bf-Snap-441.czi,1021.014,0,65535,Tentacle Area,0,Tentacle,H2-32,NA,n/a,E7-H2-32,H2-32,H2,32,sym,W7-8
298,E7-fl-Snap-440.czi,29.19,1234,65535,Symbiont Area,2.8589999999999995,Tentacle,H2-32,NA,2.8589226,E7-H2-32,H2-32,H2,32,sym,W7-8
299,E7-bf-Snap-441.czi,1032.9070000000002,0,65535,Tentacle Area,0,Tentacle,H2-32,NA,n/a,E7-H2-32,H2-32,H2,32,sym,W7-8
300,E7-fl-Snap-440.czi,81.51700000000001,1060,65535,Symbiont Area,7.8919999999999995,Tentacle,H2-32,NA,7.891998021,E7-H2-32,H2-32,H2,32,sym,W7-8
303,F2-bf-Snap-449.czi,635.701,0,65535,Tentacle Area,0,Tentacle,H2-32,NA,n/a,F2-H2-32,H2-32,H2,32,sym,W7-8
304,F2-fl-Snap-448.czi,40.65,1312,65535,Symbiont Area,6.395,Tentacle,H2-32,NA,6.394515661,F2-H2-32,H2-32,H2,32,sym,W7-8
305,F2-bf-Snap-449.czi,18042.03,0,65535,Tentacle Area,0,Body column,H2-32,NA,n/a,F2-H2-32,H2-32,H2,32,sym,W7-8
306,F2-fl-Snap-448.czi,598.511,969,65535,Symbiont Area,3.3169999999999997,Body column,H2-32,NA,3.31731518,F2-H2-32,H2-32,H2,32,sym,W7-8
REMOVED,F3-bf-Snap-581.czi,NA,NA,NA,REMOVED,NA,REMOVED,H2-32,NA,n/a,F3-H2-32,H2-32,H2,32,sym,W7-8
307,F4-bf-Snap-455.czi,1379.0829999999999,0,65535,Tentacle Area,3.3169999999999997,Tentacle,H2-32,NA,n/a,F4-H2-32,H2-32,H2,32,sym,W7-8
308,F4-fl-Snap-454.czi,46.056,1160,65535,Symbiont Area,3.34,Tentacle,H2-32,NA,3.339610451,F4-H2-32,H2-32,H2,32,sym,W7-8
311,F5-bf-Snap-463.czi,4118.2210000000005,0,65535,Tentacle Area,0,Tentacle,H2-32,NA,n/a,F5-H2-32,H2-32,H2,32,sym,W7-8
312,F5-fl-Snap-462.czi,82.598,1506,65535,Symbiont Area,2.006,Tentacle,H2-32,NA,2.005671867,F5-H2-32,H2-32,H2,32,sym,W7-8
313,F5-bf-Snap-463.czi,1686.771,0,65535,Tentacle Area,0,Tentacle,H2-32,NA,n/a,F5-H2-32,H2-32,H2,32,sym,W7-8
314,F5-fl-Snap-462.czi,46.272000000000006,1428,65535,Symbiont Area,2.7430000000000003,Tentacle,H2-32,NA,2.74322952,F5-H2-32,H2-32,H2,32,sym,W7-8
315,F5-bf-Snap-463.czi,3920.159,0,65535,Tentacle Area,0,Tentacle,H2-32,NA,n/a,F5-H2-32,H2-32,H2,32,sym,W7-8
316,F5-fl-Snap-462.czi,95.788,1271,65535,Symbiont Area,2.443,Tentacle,H2-32,NA,2.443472318,F5-H2-32,H2-32,H2,32,sym,W7-8
317,F5-bf-Snap-463.czi,4355.42,0,65535,Tentacle Area,0,Tentacle,H2-32,NA,n/a,F5-H2-32,H2-32,H2,32,sym,W7-8
318,F5-fl-Snap-462.czi,87.571,1491,65535,Symbiont Area,2.0109999999999997,Tentacle,H2-32,NA,2.010621249,F5-H2-32,H2-32,H2,32,sym,W7-8
320,F6-fl-Snap-464.czi,113.73400000000001,1465,65535,Symbiont Area,3.5159999999999996,Tentacle,H2-32,NA,3.516266761,F6-H2-32,H2-32,H2,32,sym,W7-8
321,F6-bf-Snap-465.czi,3657.878,0,65535,Tentacle Area,0,Tentacle,H2-32,NA,n/a,F6-H2-32,H2-32,H2,32,sym,W7-8
322,F6-fl-Snap-464.czi,98.815,1055,65535,Symbiont Area,2.701,Tentacle,H2-32,NA,2.701429627,F6-H2-32,H2-32,H2,32,sym,W7-8
323,F6-bf-Snap-465.czi,3908.699,0,65535,Tentacle Area,0,Tentacle,H2-32,NA,n/a,F6-H2-32,H2-32,H2,32,sym,W7-8
324,F6-fl-Snap-464.czi,224.225,1071,65535,Symbiont Area,5.737,Tentacle,H2-32,NA,5.736563496,F6-H2-32,H2-32,H2,32,sym,W7-8
325,F6-bf-Snap-465.czi,3323.8110000000006,0,65535,Tentacle Area,0,Tentacle,H2-32,NA,n/a,F6-H2-32,H2-32,H2,32,sym,W7-8
326,F6-fl-Snap-464.czi,62.921,1118,65535,Symbiont Area,1.893,Tentacle,H2-32,NA,1.893037841,F6-H2-32,H2-32,H2,32,sym,W7-8
327,F7-fl-Snap-575.czi,3185.21,0,65535,Tentacle Area,0,Tentacle,H2-32,NA,n/a,F7-H2-32,H2-32,H2,32,sym,W7-8
328,F7-fl-Snap-574.czi,74.16499999999999,1312,65535,Symbiont Area,2.328,Tentacle,H2-32,NA,2.328417907,F7-H2-32,H2-32,H2,32,sym,W7-8
329,F7-fl-Snap-575.czi,741.4359999999999,0,65535,Tentacle Area,0,Tentacle,H2-32,NA,n/a,F7-H2-32,H2-32,H2,32,sym,W7-8
330,F7-fl-Snap-574.czi,112.65299999999999,1659,65535,Symbiont Area,15.193999999999999,Tentacle,H2-32,NA,15.19389401,F7-H2-32,H2-32,H2,32,sym,W7-8
331,A1-bf-Snap-471.czi,4164.71,0,65535,Tentacle Area,0,Tentacle,H2-25,NA,n/a,A1-H2-25,H2-25,H2,25,sym,W7-8
332,A1-fl-Snap-470.czi,1881.59,751,65535,Symbiont Area,45.179,Tentacle,H2-25,NA,45.17937624,A1-H2-25,H2-25,H2,25,sym,W7-8
333,A1-bf-Snap-471.czi,1142.1,0,65535,Tentacle Area,0,Tentacle,H2-25,NA,n/a,A1-H2-25,H2-25,H2,25,sym,W7-8
334,A1-fl-Snap-470.czi,651.702,1012,65535,Symbiont Area,57.062000000000005,Tentacle,H2-25,NA,57.0617284,A1-H2-25,H2-25,H2,25,sym,W7-8
335,A1-bf-Snap-471.czi,13463.682,0,65535,Tentacle Area,0,Body column,H2-25,NA,n/a,A1-H2-25,H2-25,H2,25,sym,W7-8
336,A1-fl-Snap-470.czi,3890.536,583,65535,Symbiont Area,28.897000000000002,Body column,H2-25,NA,28.89652325,A1-H2-25,H2-25,H2,25,sym,W7-8
337,A1-bf-Snap-471.czi,2688.3250000000003,0,65535,Tentacle Area,0,Tentacle,H2-25,NA,n/a,A1-H2-25,H2-25,H2,25,sym,W7-8
338,A1-fl-Snap-470.czi,1430.545,1027,65535,Symbiont Area,53.213,Tentacle,H2-25,NA,53.21324617,A1-H2-25,H2-25,H2,25,sym,W7-8
339,A2-bf-Snap-473.czi,3040.988,0,65535,Tentacle Area,0,Tentacle,H2-25,NA,n/a,A2-H2-25,H2-25,H2,25,sym,W7-8
340,A2-fl-Snap-472.czi,1630.769,690,65535,Symbiont Area,53.626000000000005,Tentacle,H2-25,NA,53.62628856,A2-H2-25,H2-25,H2,25,sym,W7-8
341,A2-bf-Snap-473.czi,1260.376,0,65535,Tentacle Area,0,Tentacle,H2-25,NA,n/a,A2-H2-25,H2-25,H2,25,sym,W7-8
342,A2-fl-Snap-472.czi,779.2750000000001,1392,65535,Symbiont Area,61.829,Tentacle,H2-25,NA,61.82877173,A2-H2-25,H2-25,H2,25,sym,W7-8
343,A2-bf-Snap-473.czi,1869.265,0,65535,Tentacle Area,0,Tentacle,H2-25,NA,n/a,A2-H2-25,H2-25,H2,25,sym,W7-8
344,A2-fl-Snap-472.czi,1307.08,1166,65535,Symbiont Area,69.925,Tentacle,H2-25,NA,69.92481002,A2-H2-25,H2-25,H2,25,sym,W7-8
345,A2-bf-Snap-473.czi,1622.9850000000001,0,65535,Tentacle Area,69.925,Tentacle,H2-25,NA,n/a,A2-H2-25,H2-25,H2,25,sym,W7-8
346,A2-fl-Snap-472.czi,603.7,1197,65535,Symbiont Area,37.197,Tentacle,H2-25,NA,37.19689338,A2-H2-25,H2-25,H2,25,sym,W7-8
347,A2-bf-Snap-473.czi,1193.346,0,65535,Tentacle Area,0,Tentacle,H2-25,NA,n/a,A2-H2-25,H2-25,H2,25,sym,W7-8
348,A2-fl-Snap-472.czi,819.277,1780,65535,Symbiont Area,68.654,Tentacle,H2-25,NA,68.65376848,A2-H2-25,H2-25,H2,25,sym,W7-8
349,A3-bf-Snap-475.czi,3777.235,0,65535,Tentacle Area,0,Tentacle,H2-25,NA,n/a,A3-H2-25,H2-25,H2,25,sym,W7-8
350,A3-fl-Snap-474.czi,2080.5170000000003,1151,65535,Symbiont Area,55.08,Tentacle,H2-25,NA,55.08042258,A3-H2-25,H2-25,H2,25,sym,W7-8
351,A3-bf-Snap-475.czi,4610.566000000001,0,65535,Tentacle Area,0,Tentacle,H2-25,NA,n/a,A3-H2-25,H2-25,H2,25,sym,W7-8
352,A3-fl-Snap-474.czi,2520.5350000000003,952,65535,Symbiont Area,54.669000000000004,Tentacle,H2-25,NA,54.66866758,A3-H2-25,H2-25,H2,25,sym,W7-8
353,A3-bf-Snap-475.czi,3954.107,0,65535,Tentacle Area,0,Tentacle,H2-25,NA,n/a,A3-H2-25,H2-25,H2,25,sym,W7-8
354,A3-fl-Snap-474.czi,2506.048,1123,65535,Symbiont Area,63.378,Tentacle,H2-25,NA,63.37835572,A3-H2-25,H2-25,H2,25,sym,W7-8
355,A3-bf-Snap-475.czi,1676.3919999999998,0,65535,Tentacle Area,0,Tentacle,H2-25,NA,n/a,A3-H2-25,H2-25,H2,25,sym,W7-8
356,A3-fl-Snap-474.czi,963.715,1350,65535,Symbiont Area,57.486999999999995,Tentacle,H2-25,NA,57.48744924,A3-H2-25,H2-25,H2,25,sym,W7-8
357,A4-fl-Snap-477.czi,4796.735,0,65535,Tentacle Area,0,Tentacle,H2-25,NA,n/a,A4-H2-25,H2-25,H2,25,sym,W7-8
358,A4-fl-Snap-476.czi,2757.9500000000003,1369,65535,Symbiont Area,57.496,Tentacle,H2-25,NA,57.4964012,A4-H2-25,H2-25,H2,25,sym,W7-8
359,A4-fl-Snap-477.czi,3383.9210000000003,0,65535,Tentacle Area,0,Tentacle,H2-25,NA,n/a,A4-H2-25,H2-25,H2,25,sym,W7-8
360,A4-fl-Snap-476.czi,1916.402,1323,65535,Symbiont Area,56.633,Tentacle,H2-25,NA,56.63258687,A4-H2-25,H2-25,H2,25,sym,W7-8
361,A4-fl-Snap-477.czi,1343.1899999999998,0,65535,Tentacle Area,0,Tentacle,H2-25,NA,n/a,A4-H2-25,H2-25,H2,25,sym,W7-8
362,A4-fl-Snap-476.czi,1016.69,1669,65535,Symbiont Area,75.692,Tentacle,H2-25,NA,75.69219545,A4-H2-25,H2-25,H2,25,sym,W7-8
363,A4-fl-Snap-477.czi,772.572,0,65535,Tentacle Area,0,Tentacle,H2-25,NA,n/a,A4-H2-25,H2-25,H2,25,sym,W7-8
364,A4-fl-Snap-476.czi,473.965,1429,65535,Symbiont Area,61.349,Tentacle,H2-25,NA,61.34897459,A4-H2-25,H2-25,H2,25,sym,W7-8
365,A5-fl-Snap-478.czi,1416.058,1703,65535,Symbiont Area,82.742,Tentacle,H2-25,NA,n/a,A5-H2-25,H2-25,H2,25,sym,W7-8
366,A5-bf-Snap-479.czi,1984.729,0,65535,Tentacle Area,0,Tentacle,H2-25,NA,n/a,A5-H2-25,H2-25,H2,25,sym,W7-8
367,A5-fl-Snap-478.czi,1202.4270000000001,1628,65535,Symbiont Area,60.583999999999996,Tentacle,H2-25,NA,60.58393866,A5-H2-25,H2-25,H2,25,sym,W7-8
369,A5-bf-Snap-479.czi,1129.992,0,65535,Tentacle Area,0,Tentacle,H2-25,NA,n/a,A5-H2-25,H2-25,H2,25,sym,W7-8
370,A5-fl-Snap-478.czi,929.5509999999999,1365,65535,Symbiont Area,82.262,Tentacle,H2-25,NA,82.26173283,A5-H2-25,H2-25,H2,25,sym,W7-8
371,A5-bf-Snap-479.czi,1749.476,0,65535,Tentacle Area,0,Tentacle,H2-25,NA,n/a,A5-H2-25,H2-25,H2,25,sym,W7-8
372,A5-fl-Snap-478.czi,1265.565,1447,65535,Symbiont Area,72.34,Tentacle,H2-25,NA,72.33966056,A5-H2-25,H2-25,H2,25,sym,W7-8
373,A5-bf-Snap-479.czi,1691.961,0,65535,Tentacle Area,0,Tentacle,H2-25,NA,n/a,A5-H2-25,H2-25,H2,25,sym,W7-8
374,A5-fl-Snap-478.czi,1342.973,1628,65535,Symbiont Area,79.374,Tentacle,H2-25,NA,79.37375625,A5-H2-25,H2-25,H2,25,sym,W7-8
375,A6-bf-Snap-481.czi,708.7860000000001,0,65535,Tentacle Area,79.374,Tentacle,H2-25,NA,n/a,A6-H2-25,H2-25,H2,25,sym,W7-8
376,A6-fl-Snap-480.czi,457.965,1312,65535,Symbiont Area,64.613,Tentacle,H2-25,NA,64.61259111,A6-H2-25,H2-25,H2,25,sym,W7-8
377,A6-bf-Snap-481.czi,3784.3700000000003,0,65535,Tentacle Area,0,Tentacle,H2-25,NA,n/a,A6-H2-25,H2-25,H2,25,sym,W7-8
378,A6-fl-Snap-480.czi,2290.6879999999996,1344,65535,Symbiont Area,60.53,Tentacle,H2-25,NA,60.53023357,A6-H2-25,H2-25,H2,25,sym,W7-8
379,A6-bf-Snap-481.czi,1206.968,0,65535,Tentacle Area,0,Tentacle,H2-25,NA,n/a,A6-H2-25,H2-25,H2,25,sym,W7-8
380,A6-fl-Snap-480.czi,695.596,1172,65535,Symbiont Area,57.632000000000005,Tentacle,H2-25,NA,57.63168535,A6-H2-25,H2-25,H2,25,sym,W7-8
381,A6-bf-Snap-481.czi,2969.2019999999998,0,65535,Tentacle Area,0,Tentacle,H2-25,NA,n/a,A6-H2-25,H2-25,H2,25,sym,W7-8
382,A6-fl-Snap-480.czi,1828.1819999999998,1281,65535,Symbiont Area,61.572,Tentacle,H2-25,NA,61.57149295,A6-H2-25,H2-25,H2,25,sym,W7-8
383,A6-bf-Snap-481.czi,2993.8510000000006,0,65535,Tentacle Area,0,Tentacle,H2-25,NA,n/a,A6-H2-25,H2-25,H2,25,sym,W7-8
384,A6-fl-Snap-480.czi,1493.4660000000001,1109,65535,Symbiont Area,49.88399999999999,Tentacle,H2-25,NA,49.88444649,A6-H2-25,H2-25,H2,25,sym,W7-8
385,A7-bf-Snap-483.czi,4368.610000000001,0,65535,Tentacle Area,0,Tentacle,H2-25,NA,n/a,A7-H2-25,H2-25,H2,25,sym,W7-8
386,A7-fl-Snap-482.czi,2885.9550000000004,1399,65535,Symbiont Area,66.061,Tentacle,H2-25,NA,66.06117278,A7-H2-25,H2-25,H2,25,sym,W7-8
387,A7-bf-Snap-483.czi,1367.4070000000002,0,65535,Tentacle Area,0,Tentacle,H2-25,NA,n/a,A7-H2-25,H2-25,H2,25,sym,W7-8
388,A7-fl-Snap-482.czi,833.115,1654,65535,Symbiont Area,60.927,Tentacle,H2-25,NA,60.92662975,A7-H2-25,H2-25,H2,25,sym,W7-8
389,A7-bf-Snap-483.czi,4362.1230000000005,0,65535,Tentacle Area,0,Tentacle,H2-25,NA,n/a,A7-H2-25,H2-25,H2,25,sym,W7-8
390,A7-fl-Snap-482.czi,2027.109,1143,65535,Symbiont Area,46.471,Tentacle,H2-25,NA,46.47069787,A7-H2-25,H2-25,H2,25,sym,W7-8
391,A7-bf-Snap-483.czi,2648.972,0,65535,Tentacle Area,0,Tentacle,H2-25,NA,n/a,A7-H2-25,H2-25,H2,25,sym,W7-8
392,A7-fl-Snap-482.czi,954.633,1233,65535,Symbiont Area,36.038000000000004,Tentacle,H2-25,NA,36.03786676,A7-H2-25,H2-25,H2,25,sym,W7-8
393,A8-bf-Snap-485.czi,1519.197,0,65535,Tentacle Area,0,Tentacle,H2-25,NA,n/a,A8-H2-25,H2-25,H2,25,sym,W7-8
394,A8-fl-Snap-484.czi,1183.399,1250,65535,Symbiont Area,77.896,Tentacle,H2-25,NA,77.89634919,A8-H2-25,H2-25,H2,25,sym,W7-8
395,A8-bf-Snap-485.czi,2762.274,0,65535,Tentacle Area,0,Tentacle,H2-25,NA,n/a,A8-H2-25,H2-25,H2,25,sym,W7-8
396,A8-fl-Snap-484.czi,1914.889,1250,65535,Symbiont Area,69.323,Tentacle,H2-25,NA,69.32292017,A8-H2-25,H2-25,H2,25,sym,W7-8
397,A8-bf-Snap-485.czi,1205.238,0,65535,Tentacle Area,0,Tentacle,H2-25,NA,n/a,A8-H2-25,H2-25,H2,25,sym,W7-8
398,A8-fl-Snap-484.czi,764.3549999999999,1264,65535,Symbiont Area,63.419,Tentacle,H2-25,NA,63.41942421,A8-H2-25,H2-25,H2,25,sym,W7-8
399,A8-bf-Snap-485.czi,2978.283,0,65535,Tentacle Area,0,Tentacle,H2-25,NA,n/a,A8-H2-25,H2-25,H2,25,sym,W7-8
400,A8-fl-Snap-484.czi,1543.1979999999999,1566,65535,Symbiont Area,51.815,Tentacle,H2-25,NA,51.81502228,A8-H2-25,H2-25,H2,25,sym,W7-8
401,A8-bf-Snap-485.czi,446.505,0,65535,Tentacle Area,0,Tentacle,H2-25,NA,n/a,A8-H2-25,H2-25,H2,25,sym,W7-8
402,A8-fl-Snap-484.czi,292.98499999999996,1308,65535,Symbiont Area,65.617,Tentacle,H2-25,NA,65.6174063,A8-H2-25,H2-25,H2,25,sym,W7-8
403,B2-bf-Snap-489.czi,570.1850000000001,0,65535,Tentacle Area,0,Tentacle,H2-25,NA,n/a,B2-H2-25,H2-25,H2,25,sym,W7-8
404,B2-fl-Snap-488.czi,329.527,1453,65535,Symbiont Area,57.793000000000006,Tentacle,H2-25,NA,57.79299701,B2-H2-25,H2-25,H2,25,sym,W7-8
405,B2-bf-Snap-489.czi,920.47,0,65535,Tentacle Area,0,Tentacle,H2-25,NA,n/a,B2-H2-25,H2-25,H2,25,sym,W7-8
406,B2-fl-Snap-488.czi,614.944,1804,65535,Symbiont Area,66.80799999999999,Tentacle,H2-25,NA,66.80760916,B2-H2-25,H2-25,H2,25,sym,W7-8
407,B2-bf-Snap-489.czi,3784.802,0,65535,Tentacle Area,0,Tentacle,H2-25,NA,n/a,B2-H2-25,H2-25,H2,25,sym,W7-8
408,B2-fl-Snap-488.czi,1604.822,1315,65535,Symbiont Area,42.402,Tentacle,H2-25,NA,42.40174255,B2-H2-25,H2-25,H2,25,sym,W7-8
409,B2-bf-Snap-489.czi,562.834,0,65535,Tentacle Area,0,Tentacle,H2-25,NA,n/a,B2-H2-25,H2-25,H2,25,sym,W7-8
410,B2-fl-Snap-488.czi,387.47499999999997,1514,65535,Symbiont Area,68.84400000000001,Tentacle,H2-25,NA,68.84356666,B2-H2-25,H2-25,H2,25,sym,W7-8
411,B2-bf-Snap-489.czi,248.226,0,65535,Tentacle Area,0,Tentacle,H2-25,NA,n/a,B2-H2-25,H2-25,H2,25,sym,W7-8
412,B2-fl-Snap-488.czi,135.141,1621,65535,Symbiont Area,54.443,Tentacle,H2-25,NA,54.44272558,B2-H2-25,H2-25,H2,25,sym,W7-8
413,B2-bf-Snap-489.czi,3456.14,0,65535,Tentacle Area,0,Tentacle,H2-25,NA,n/a,B2-H2-25,H2-25,H2,25,sym,W7-8
414,B2-fl-Snap-488.czi,1647.202,1544,65535,Symbiont Area,47.660000000000004,Tentacle,H2-25,NA,47.66016423,B2-H2-25,H2-25,H2,25,sym,W7-8
415,B2-bf-Snap-489.czi,623.809,0,65535,Tentacle Area,0,Tentacle,H2-25,NA,n/a,B2-H2-25,H2-25,H2,25,sym,W7-8
416,B2-fl-Snap-488.czi,336.879,1590,65535,Symbiont Area,54.003,Tentacle,H2-25,NA,54.00354916,B2-H2-25,H2-25,H2,25,sym,W7-8
417,B3-bf-Snap-627.czi,2493.507,0,65535,Tentacle Area,0,Tentacle,H2-25,NA,n/a,B3-H2-25,H2-25,H2,25,sym,W7-8
418,B3-fl-Snap-626.czi,1446.329,950,65535,Symbiont Area,58.004,Tentacle,H2-25,NA,58.00380749,B3-H2-25,H2-25,H2,25,sym,W7-8
419,B3-bf-Snap-627.czi,9432.383,0,65535,Tentacle Area,0,Tentacle,H2-25,NA,n/a,B3-H2-25,H2-25,H2,25,sym,W7-8
420,B3-fl-Snap-626.czi,4673.271,920,65535,Symbiont Area,49.545,Tentacle,H2-25,NA,49.54496653,B3-H2-25,H2-25,H2,25,sym,W7-8
421,B3-bf-Snap-627.czi,457.316,0,65535,Tentacle Area,0,Tentacle,H2-25,NA,n/a,B3-H2-25,H2-25,H2,25,sym,W7-8
422,B3-fl-Snap-626.czi,226.38800000000003,875,65535,Symbiont Area,49.504,Tentacle,H2-25,NA,49.5036255,B3-H2-25,H2-25,H2,25,sym,W7-8
423,B3-bf-Snap-627.czi,11178.616,0,65535,Tentacle Area,0,Tentacle,H2-25,NA,n/a,B3-H2-25,H2-25,H2,25,sym,W7-8
424,B3-fl-Snap-626.czi,5712.0160000000005,1086,65535,Symbiont Area,51.098000000000006,Tentacle,H2-25,NA,51.09770297,B3-H2-25,H2-25,H2,25,sym,W7-8
425,B3-bf-Snap-627.czi,2592.105,0,65535,Tentacle Area,0,Tentacle,H2-25,NA,n/a,B3-H2-25,H2-25,H2,25,sym,W7-8
426,B3-fl-Snap-626.czi,1704.934,1372,65535,Symbiont Area,65.774,Tentacle,H2-25,NA,65.77411023,B3-H2-25,H2-25,H2,25,sym,W7-8
427,B3-bf-Snap-627.czi,2648.54,0,65535,Tentacle Area,0,Tentacle,H2-25,NA,n/a,B3-H2-25,H2-25,H2,25,sym,W7-8
428,B3-fl-Snap-626.czi,1703.204,1312,65535,Symbiont Area,64.307,Tentacle,H2-25,NA,64.30727873,B3-H2-25,H2-25,H2,25,sym,W7-8
429,B4-bf-Snap-493.czi,3279.9170000000004,0,65535,Tentacle Area,64.307,Tentacle,H2-25,NA,n/a,B4-H2-25,H2-25,H2,25,sym,W7-8
430,B4-fl-Snap-492.czi,1343.838,747,65535,Symbiont Area,40.972,Tentacle,H2-25,NA,40.97170752,B4-H2-25,H2-25,H2,25,sym,W7-8
431,B4-bf-Snap-493.czi,2917.308,0,65535,Tentacle Area,0,Tentacle,H2-25,NA,n/a,B4-H2-25,H2-25,H2,25,sym,W7-8
432,B4-fl-Snap-492.czi,1525.035,830,65535,Symbiont Area,52.275000000000006,Tentacle,H2-25,NA,52.27541967,B4-H2-25,H2-25,H2,25,sym,W7-8
433,B4-bf-Snap-493.czi,2363.3390000000004,0,65535,Tentacle Area,0,Tentacle,H2-25,NA,n/a,B4-H2-25,H2-25,H2,25,sym,W7-8
434,B4-fl-Snap-492.czi,1270.754,1078,65535,Symbiont Area,53.769000000000005,Tentacle,H2-25,NA,53.76943384,B4-H2-25,H2-25,H2,25,sym,W7-8
435,B4-bf-Snap-493.czi,1458.87,0,65535,Tentacle Area,0,Tentacle,H2-25,NA,n/a,B4-H2-25,H2-25,H2,25,sym,W7-8
436,B4-fl-Snap-492.czi,873.549,1493,65535,Symbiont Area,59.878,Tentacle,H2-25,NA,59.87846758,B4-H2-25,H2-25,H2,25,sym,W7-8
437,B4-bf-Snap-493.czi,18012.191,0,65535,Tentacle Area,0,Body column,H2-25,NA,n/a,B4-H2-25,H2-25,H2,25,sym,W7-8
438,B4-fl-Snap-492.czi,6740.814,747,65535,Symbiont Area,37.424,Body column,H2-25,NA,37.42362048,B4-H2-25,H2-25,H2,25,sym,W7-8
440,B5-fl-Snap-589.czi,2591.6730000000002,1679,65535,Symbiont Area,57.658,Tentacle,H2-25,NA,57.65827157,B5-H2-25,H2-25,H2,25,sym,W7-8
441,B6-bf-Snap-499.czi,2054.137,0,65535,Tentacle Area,0,Tentacle,H2-25,NA,n/a,B6-H2-25,H2-25,H2,25,sym,W7-8
442,B6-fl-Snap-498.czi,1222.536,856,65535,Symbiont Area,59.516,Tentacle,H2-25,NA,59.51579666,B6-H2-25,H2-25,H2,25,sym,W7-8
443,B6-bf-Snap-499.czi,1325.675,0,65535,Tentacle Area,0,Tentacle,H2-25,NA,n/a,B6-H2-25,H2-25,H2,25,sym,W7-8
444,B6-fl-Snap-498.czi,702.2990000000001,914,65535,Symbiont Area,52.977,Tentacle,H2-25,NA,52.97670998,B6-H2-25,H2-25,H2,25,sym,W7-8
445,B6-bf-Snap-499.czi,2354.474,0,65535,Tentacle Area,0,Tentacle,H2-25,NA,n/a,B6-H2-25,H2-25,H2,25,sym,W7-8
446,B6-fl-Snap-498.czi,1708.3939999999998,1285,65535,Symbiont Area,72.559,Tentacle,H2-25,NA,72.55947613,B6-H2-25,H2-25,H2,25,sym,W7-8
447,B6-bf-Snap-499.czi,6597.0250000000005,0,65535,Tentacle Area,0,Tentacle,H2-25,NA,n/a,B6-H2-25,H2-25,H2,25,sym,W7-8
448,B6-fl-Snap-498.czi,3236.672,1185,65535,Symbiont Area,49.063,Tentacle,H2-25,NA,49.06260019,B6-H2-25,H2-25,H2,25,sym,W7-8
449,B6-bf-Snap-499.czi,1173.886,0,65535,Tentacle Area,0,Tentacle,H2-25,NA,n/a,B6-H2-25,H2-25,H2,25,sym,W7-8
450,B6-fl-Snap-498.czi,591.592,1213,65535,Symbiont Area,50.396,Tentacle,H2-25,NA,50.39603505,B6-H2-25,H2-25,H2,25,sym,W7-8
451,B6-bf-Snap-499.czi,5093.829000000001,0,65535,Tentacle Area,0,Tentacle,H2-25,NA,n/a,B6-H2-25,H2-25,H2,25,sym,W7-8
452,B6-fl-Snap-498.czi,2126.3570000000004,985,65535,Symbiont Area,41.744,Tentacle,H2-25,NA,41.74378449,B6-H2-25,H2-25,H2,25,sym,W7-8
453,B7-bf-Snap-501.czi,4121.032,0,65535,Tentacle Area,41.744,Tentacle,H2-25,NA,n/a,B7-H2-25,H2-25,H2,25,sym,W7-8
454,B7-fl-Snap-500.czi,2699.3530000000005,1427,65535,Symbiont Area,65.502,Tentacle,H2-25,NA,65.50186943,B7-H2-25,H2-25,H2,25,sym,W7-8
455,B7-bf-Snap-501.czi,2702.38,0,65535,Tentacle Area,0,Tentacle,H2-25,NA,n/a,B7-H2-25,H2-25,H2,25,sym,W7-8
456,B7-fl-Snap-500.czi,1933.9160000000002,1562,65535,Symbiont Area,71.563,Tentacle,H2-25,NA,71.56343667,B7-H2-25,H2-25,H2,25,sym,W7-8
457,B7-bf-Snap-501.czi,2869.306,0,65535,Tentacle Area,0,Tentacle,H2-25,NA,n/a,B7-H2-25,H2-25,H2,25,sym,W7-8
458,B7-fl-Snap-500.czi,2055.219,1562,65535,Symbiont Area,71.62799999999999,Tentacle,H2-25,NA,71.62773855,B7-H2-25,H2-25,H2,25,sym,W7-8
459,B7-bf-Snap-501.czi,3840.5879999999997,0,65535,Tentacle Area,0,Body column,H2-25,NA,n/a,B7-H2-25,H2-25,H2,25,sym,W7-8
460,B7-fl-Snap-500.czi,1243.726,579,65535,Symbiont Area,32.38399999999999,Body column,H2-25,NA,32.38373916,B7-H2-25,H2-25,H2,25,sym,W7-8
461,B8-bf-Snap-629.czi,1570.875,0,65535,Tentacle Area,0,Tentacle,H2-25,NA,n/a,B8-H2-25,H2-25,H2,25,sym,W7-8
462,B8-fl-Snap-628.czi,709.434,958,65535,Symbiont Area,45.162000000000006,Tentacle,H2-25,NA,45.16170924,B8-H2-25,H2-25,H2,25,sym,W7-8
463,B8-bf-Snap-629.czi,3236.456,0,65535,Tentacle Area,0,Tentacle,H2-25,NA,n/a,B8-H2-25,H2-25,H2,25,sym,W7-8
464,B8-fl-Snap-628.czi,1735.638,1699,65535,Symbiont Area,53.62800000000001,Tentacle,H2-25,NA,53.62773355,B8-H2-25,H2-25,H2,25,sym,W7-8
465,B8-bf-Snap-629.czi,6122.411,0,65535,Tentacle Area,0,Tentacle,H2-25,NA,n/a,B8-H2-25,H2-25,H2,25,sym,W7-8
466,B8-fl-Snap-628.czi,2779.14,973,65535,Symbiont Area,45.393,Tentacle,H2-25,NA,45.39290159,B8-H2-25,H2-25,H2,25,sym,W7-8
467,B8-bf-Snap-629.czi,1970.8909999999998,0,65535,Tentacle Area,0,Tentacle,H2-25,NA,n/a,B8-H2-25,H2-25,H2,25,sym,W7-8
468,B8-fl-Snap-628.czi,877.009,798,65535,Symbiont Area,44.498000000000005,Tentacle,H2-25,NA,44.49809756,B8-H2-25,H2-25,H2,25,sym,W7-8
469,B8-bf-Snap-629.czi,9474.115,0,65535,Tentacle Area,0,Body column,H2-25,NA,n/a,B8-H2-25,H2-25,H2,25,sym,W7-8
470,B8-fl-Snap-628.czi,1988.838,552,65535,Symbiont Area,20.991999999999997,Body column,H2-25,NA,20.99233543,B8-H2-25,H2-25,H2,25,sym,W7-8
471,C2-bf-Snap-635.czi,1094.963,0,65535,Tentacle Area,20.991999999999997,Tentacle,H2-25,NA,n/a,C2-H2-25,H2-25,H2,25,sym,W7-8
472,C2-fl-Snap-634.czi,546.617,1726,65535,Symbiont Area,49.921,Tentacle,H2-25,NA,49.92104756,C2-H2-25,H2-25,H2,25,sym,W7-8
473,C2-bf-Snap-635.czi,4960.85,0,65535,Tentacle Area,0,Tentacle,H2-25,NA,n/a,C2-H2-25,H2-25,H2,25,sym,W7-8
474,C2-fl-Snap-634.czi,2806.6,1030,65535,Symbiont Area,56.575,Tentacle,H2-25,NA,56.57498211,C2-H2-25,H2-25,H2,25,sym,W7-8
475,C2-bf-Snap-635.czi,4274.552000000001,0,65535,Tentacle Area,0,Tentacle,H2-25,NA,n/a,C2-H2-25,H2-25,H2,25,sym,W7-8
476,C2-fl-Snap-634.czi,2112.9510000000005,1120,65535,Symbiont Area,49.431,Tentacle,H2-25,NA,49.43093452,C2-H2-25,H2-25,H2,25,sym,W7-8
477,C2-bf-Snap-635.czi,658.621,0,65535,Tentacle Area,0,Tentacle,H2-25,NA,n/a,C2-H2-25,H2-25,H2,25,sym,W7-8
478,C2-fl-Snap-634.czi,373.204,1348,65535,Symbiont Area,56.664,Tentacle,H2-25,NA,56.66445497,C2-H2-25,H2-25,H2,25,sym,W7-8
479,C2-bf-Snap-635.czi,938.633,0,65535,Tentacle Area,0,Tentacle,H2-25,NA,n/a,C2-H2-25,H2-25,H2,25,sym,W7-8
480,C2-fl-Snap-634.czi,622.0790000000001,1696,65535,Symbiont Area,66.27499999999999,Tentacle,H2-25,NA,66.27499779,C2-H2-25,H2-25,H2,25,sym,W7-8
481,C3-bf-Snap-511.czi,2199.2239999999997,0,65535,Tentacle Area,0,Tentacle,H2-25,NA,n/a,C3-H2-25,H2-25,H2,25,sym,W7-8
482,C3-fl-Snap-510.czi,1326.108,1670,65535,Symbiont Area,60.29900000000001,Tentacle,H2-25,NA,60.29890543,C3-H2-25,H2-25,H2,25,sym,W7-8
483,C3-bf-Snap-511.czi,594.403,0,65535,Tentacle Area,41.327,Tentacle,H2-25,NA,n/a,C3-H2-25,H2-25,H2,25,sym,W7-8
484,C3-fl-Snap-510.czi,424.017,1259,65535,Symbiont Area,71.335,Tentacle,H2-25,NA,71.33493606,C3-H2-25,H2-25,H2,25,sym,W7-8
485,C3-bf-Snap-511.czi,221.847,0,65535,Tentacle Area,0,Tentacle,H2-25,NA,n/a,C3-H2-25,H2-25,H2,25,sym,W7-8
486,C3-fl-Snap-510.czi,86.922,1040,65535,Symbiont Area,39.181,Tentacle,H2-25,NA,39.18105722,C3-H2-25,H2-25,H2,25,sym,W7-8
487,C3-bf-Snap-511.czi,1627.526,0,65535,Tentacle Area,0,Tentacle,H2-25,NA,n/a,C3-H2-25,H2-25,H2,25,sym,W7-8
488,C3-fl-Snap-510.czi,1136.262,1026,65535,Symbiont Area,69.815,Tentacle,H2-25,NA,69.8152902,C3-H2-25,H2-25,H2,25,sym,W7-8
489,C3-bf-Snap-511.czi,518.075,0,65535,Tentacle Area,0,Tentacle,H2-25,NA,n/a,C3-H2-25,H2-25,H2,25,sym,W7-8
490,C3-fl-Snap-510.czi,335.58099999999996,1464,65535,Symbiont Area,64.77499999999999,Tentacle,H2-25,NA,64.77459827,C3-H2-25,H2-25,H2,25,sym,W7-8
491,C4-bf-Snap-633.czi,3248.9970000000003,0,65535,Tentacle Area,64.77499999999999,Tentacle,H2-25,NA,n/a,C4-H2-25,H2-25,H2,25,sym,W7-8
492,C4-fl-Snap-632.czi,1818.02,788,65535,Symbiont Area,55.955999999999996,Tentacle,H2-25,NA,55.95634591,C4-H2-25,H2-25,H2,25,sym,W7-8
493,C4-bf-Snap-633.czi,3725.5570000000002,0,65535,Tentacle Area,0,Tentacle,H2-25,NA,n/a,C4-H2-25,H2-25,H2,25,sym,W7-8
494,C4-fl-Snap-632.czi,1372.1639999999998,587,65535,Symbiont Area,36.830999999999996,Tentacle,H2-25,NA,36.83111009,C4-H2-25,H2-25,H2,25,sym,W7-8
495,C4-bf-Snap-633.czi,2833.4120000000003,0,65535,Tentacle Area,0,Tentacle,H2-25,NA,n/a,C4-H2-25,H2-25,H2,25,sym,W7-8
496,C4-fl-Snap-632.czi,1334.757,1203,65535,Symbiont Area,47.108000000000004,Tentacle,H2-25,NA,47.10776266,C4-H2-25,H2-25,H2,25,sym,W7-8
497,C4-bf-Snap-633.czi,1019.933,0,65535,Tentacle Area,0,Tentacle,H2-25,NA,n/a,C4-H2-25,H2-25,H2,25,sym,W7-8
498,C4-fl-Snap-632.czi,563.05,1633,65535,Symbiont Area,55.205000000000005,Tentacle,H2-25,NA,55.20460658,C4-H2-25,H2-25,H2,25,sym,W7-8
499,C4-bf-Snap-633.czi,2211.982,0,65535,Tentacle Area,0,Tentacle,H2-25,NA,n/a,C4-H2-25,H2-25,H2,25,sym,W7-8
500,C4-fl-Snap-632.czi,1221.023,816,65535,Symbiont Area,55.2,Tentacle,H2-25,NA,55.20040398,C4-H2-25,H2-25,H2,25,sym,W7-8
501,C5-bf-Snap-631.czi,6888.496,0,65535,Tentacle Area,55.2,Tentacle,H2-25,NA,n/a,C5-H2-25,H2-25,H2,25,sym,W7-8
502,C5-fl-Snap-630.czi,2768.112,966,65535,Symbiont Area,40.185,Tentacle,H2-25,NA,40.18456278,C5-H2-25,H2-25,H2,25,sym,W7-8
503,C5-bf-Snap-631.czi,1651.31,0,65535,Tentacle Area,0,Tentacle,H2-25,NA,n/a,C5-H2-25,H2-25,H2,25,sym,W7-8
504,C5-fl-Snap-630.czi,985.121,1977,65535,Symbiont Area,59.657,Tentacle,H2-25,NA,59.65693904,C5-H2-25,H2-25,H2,25,sym,W7-8
505,C5-fl-Snap-630.czi,226728.346,0,65535,Tentacle Area,0,Tentacle,H2-25,NA,REMOVED,C5-H2-25,H2-25,H2,25,sym,W7-8
506,C5-fl-Snap-630.czi,88.004,1721,65535,Symbiont Area,0.039,Tentacle,H2-25,NA,REMOVED,C5-H2-25,H2-25,H2,25,sym,W7-8
507,C5-bf-Snap-631.czi,406.503,0,65535,Tentacle Area,0,Tentacle,H2-25,NA,n/a,C5-H2-25,H2-25,H2,25,sym,W7-8
508,C5-fl-Snap-630.czi,310.28299999999996,2143,65535,Symbiont Area,76.33,Tentacle,H2-25,NA,76.32981798,C5-H2-25,H2-25,H2,25,sym,W7-8
510,C6-fl-Snap-516.czi,939.93,786,65535,Symbiont Area,48.305,Tentacle,H2-25,NA,48.30535782,C6-H2-25,H2-25,H2,25,sym,W7-8
511,C6-bf-Snap-517.czi,955.714,0,65535,Tentacle Area,0,Tentacle,H2-25,NA,n/a,C6-H2-25,H2-25,H2,25,sym,W7-8
512,C6-fl-Snap-516.czi,485.641,796,65535,Symbiont Area,50.81399999999999,Tentacle,H2-25,NA,50.8144696,C6-H2-25,H2-25,H2,25,sym,W7-8
513,C7-bf-Snap-519.czi,4724.084,0,65535,Tentacle Area,0,Tentacle,H2-25,NA,n/a,C7-H2-25,H2-25,H2,25,sym,W7-8
514,C7-fl-Snap-518.czi,2482.047,1299,65535,Symbiont Area,52.54,Tentacle,H2-25,NA,52.54028082,C7-H2-25,H2-25,H2,25,sym,W7-8
515,C7-bf-Snap-519.czi,984.6890000000001,0,65535,Tentacle Area,0,Tentacle,H2-25,NA,n/a,C7-H2-25,H2-25,H2,25,sym,W7-8
516,C7-fl-Snap-518.czi,670.9459999999999,1439,65535,Symbiont Area,68.13799999999999,Tentacle,H2-25,NA,68.13785876,C7-H2-25,H2-25,H2,25,sym,W7-8
517,C7-bf-Snap-519.czi,4048.8130000000006,0,65535,Tentacle Area,0,Body column,H2-25,NA,n/a,C7-H2-25,H2-25,H2,25,sym,W7-8
518,C7-fl-Snap-518.czi,1219.7250000000001,586,65535,Symbiont Area,30.126,Body column,H2-25,NA,30.12549604,C7-H2-25,H2-25,H2,25,sym,W7-8
513,C8-bf-Snap-521.czi,2385.61,0,65535,Tentacle Area,30.126,Tentacle,H2-25,NA,n/a,C8-H2-25,H2-25,H2,25,sym,W7-8
514,C8-fl-Snap-520.czi,1704.285,1236,65535,Symbiont Area,71.44000000000001,Tentacle,H2-25,NA,71.44021864,C8-H2-25,H2-25,H2,25,sym,W7-8
515,C8-bf-Snap-521.czi,1353.3519999999999,0,65535,Tentacle Area,30.126,Tentacle,H2-25,NA,n/a,C8-H2-25,H2-25,H2,25,sym,W7-8
516,C8-fl-Snap-520.czi,718.2990000000001,1507,65535,Symbiont Area,53.076,Tentacle,H2-25,NA,53.07554871,C8-H2-25,H2-25,H2,25,sym,W7-8
517,C8-bf-Snap-521.czi,3390.192,0,65535,Tentacle Area,30.126,Tentacle,H2-25,NA,n/a,C8-H2-25,H2-25,H2,25,sym,W7-8
518,C8-fl-Snap-520.czi,1388.597,1568,65535,Symbiont Area,40.958999999999996,Tentacle,H2-25,NA,40.95924361,C8-H2-25,H2-25,H2,25,sym,W7-8
519,C8-bf-Snap-521.czi,469.857,0,65535,Tentacle Area,0,Tentacle,H2-25,NA,n/a,C8-H2-25,H2-25,H2,25,sym,W7-8
520,C8-fl-Snap-520.czi,314.175,1357,65535,Symbiont Area,66.866,Tentacle,H2-25,NA,66.86608904,C8-H2-25,H2-25,H2,25,sym,W7-8
521,C8-bf-Snap-521.czi,1643.526,0,65535,Tentacle Area,0,Tentacle,H2-25,NA,n/a,C8-H2-25,H2-25,H2,25,sym,W7-8
522,C8-fl-Snap-520.czi,684.568,1327,65535,Symbiont Area,41.652,Tentacle,H2-25,NA,41.65239856,C8-H2-25,H2-25,H2,25,sym,W7-8
523,D1-bf-Snap-523.czi,1259.943,0,65535,Tentacle Area,0,Tentacle,H2-25,NA,n/a,D1-H2-25,H2-25,H2,25,sym,W7-8
524,D1-fl-Snap-522.czi,753.76,1449,65535,Symbiont Area,59.825,Tentacle,H2-25,NA,59.82492859,D1-H2-25,H2-25,H2,25,sym,W7-8
525,D1-bf-Snap-523.czi,615.809,0,65535,Tentacle Area,0,Tentacle,H2-25,NA,n/a,D1-H2-25,H2-25,H2,25,sym,W7-8
526,D1-fl-Snap-522.czi,405.42199999999997,1863,65535,Symbiont Area,65.836,Tentacle,H2-25,NA,65.83567307,D1-H2-25,H2-25,H2,25,sym,W7-8
527,D1-bf-Snap-523.czi,5379.029,0,65535,Tentacle Area,0,Tentacle,H2-25,NA,n/a,D1-H2-25,H2-25,H2,25,sym,W7-8
528,D1-fl-Snap-522.czi,2578.0510000000004,828,65535,Symbiont Area,47.928000000000004,Tentacle,H2-25,NA,47.92781374,D1-H2-25,H2-25,H2,25,sym,W7-8
REMOVED,D2-fl-Snap-524.czi,NA,NA,NA,REMOVED,NA,REMOVED,H2-25,NA,REMOVED,D2-H2-25,H2-25,H2,25,sym,W7-8
REMOVED,D3-fl-Snap-524.czi,NA,NA,NA,REMOVED,NA,REMOVED,H2-25,NA,REMOVED,D3-H2-25,H2-25,H2,25,sym,W7-8
529,D4-bf-Snap-625.czi,3525.765,0,65535,Tentacle Area,0,Tentacle,H2-25,NA,n/a,D4-H2-25,H2-25,H2,25,sym,W7-8
530,D4-fl-Snap-624.czi,871.387,1200,65535,Symbiont Area,24.715,Tentacle,H2-25,NA,24.71483494,D4-H2-25,H2-25,H2,25,sym,W7-8
529,D4-bf-Snap-625.czi,3525.765,0,65535,Tentacle Area,0,Tentacle,H2-25,NA,n/a,D4-H2-25,H2-25,H2,25,sym,W7-8
530,D4-fl-Snap-624.czi,871.387,1200,65535,Symbiont Area,24.715,Tentacle,H2-25,NA,24.71483494,D4-H2-25,H2-25,H2,25,sym,W7-8
531,D4-bf-Snap-625.czi,9522.333,0,65535,Tentacle Area,0,Tentacle,H2-25,NA,n/a,D4-H2-25,H2-25,H2,25,sym,W7-8
532,D4-fl-Snap-624.czi,1275.511,765,65535,Symbiont Area,13.395000000000001,Tentacle,H2-25,NA,13.39494218,D4-H2-25,H2-25,H2,25,sym,W7-8
533,D4-bf-Snap-625.czi,8794.303,0,65535,Tentacle Area,0,Tentacle,H2-25,NA,n/a,D4-H2-25,H2-25,H2,25,sym,W7-8
534,D4-fl-Snap-624.czi,2187.765,435,65535,Symbiont Area,24.877000000000002,Tentacle,H2-25,NA,24.87707099,D4-H2-25,H2-25,H2,25,sym,W7-8
535,D4-bf-Snap-625.czi,2369.177,0,65535,Tentacle Area,0,Tentacle,H2-25,NA,n/a,D4-H2-25,H2-25,H2,25,sym,W7-8
536,D4-fl-Snap-624.czi,894.523,645,65535,Symbiont Area,37.757,Tentacle,H2-25,NA,37.75669779,D4-H2-25,H2-25,H2,25,sym,W7-8
537,D4-bf-Snap-625.czi,795.059,0,65535,Tentacle Area,0,Tentacle,H2-25,NA,n/a,D4-H2-25,H2-25,H2,25,sym,W7-8
538,D4-fl-Snap-624.czi,462.073,930,65535,Symbiont Area,58.118,Tentacle,H2-25,NA,58.11807677,D4-H2-25,H2-25,H2,25,sym,W7-8
539,D5-bf-Snap-623.czi,2740.219,0,65535,Tentacle Area,0,Tentacle,H2-25,NA,n/a,D5-H2-25,H2-25,H2,25,sym,W7-8
540,D5-fl-Snap-622.czi,1414.5439999999999,1534,65535,Symbiont Area,51.62200000000001,Tentacle,H2-25,NA,51.62156747,D5-H2-25,H2-25,H2,25,sym,W7-8
541,D5-bf-Snap-623.czi,1477.898,0,65535,Tentacle Area,0,Tentacle,H2-25,NA,n/a,D5-H2-25,H2-25,H2,25,sym,W7-8
542,D5-fl-Snap-622.czi,694.731,1274,65535,Symbiont Area,47.008,Tentacle,H2-25,NA,47.00804792,D5-H2-25,H2-25,H2,25,sym,W7-8
543,D5-bf-Snap-623.czi,2944.3360000000002,0,65535,Tentacle Area,0,Tentacle,H2-25,NA,n/a,D5-H2-25,H2-25,H2,25,sym,W7-8
544,D5-fl-Snap-622.czi,1038.529,793,65535,Symbiont Area,35.272000000000006,Tentacle,H2-25,NA,35.2720953,D5-H2-25,H2-25,H2,25,sym,W7-8
545,D5-bf-Snap-623.czi,9302.216,0,65535,Tentacle Area,0,Tentacle,H2-25,NA,n/a,D5-H2-25,H2-25,H2,25,sym,W7-8
546,D5-fl-Snap-622.czi,3570.523,728,65535,Symbiont Area,38.38399999999999,Tentacle,H2-25,NA,38.38357441,D5-H2-25,H2-25,H2,25,sym,W7-8
547,D6-bf-Snap-621.czi,1336.487,0,65535,Tentacle Area,0,Tentacle,H2-25,NA,n/a,D6-H2-25,H2-25,H2,25,sym,W7-8
548,D6-fl-Snap-620.czi,523.048,1582,65535,Symbiont Area,39.136,Tentacle,H2-25,NA,39.1360335,D6-H2-25,H2-25,H2,25,sym,W7-8
549,D6-bf-Snap-621.czi,3954.539,0,65535,Tentacle Area,0,Tentacle,H2-25,NA,n/a,D6-H2-25,H2-25,H2,25,sym,W7-8
550,D6-fl-Snap-620.czi,2113.599,1365,65535,Symbiont Area,53.446999999999996,Tentacle,H2-25,NA,53.44741827,D6-H2-25,H2-25,H2,25,sym,W7-8
551,D6-bf-Snap-621.czi,3961.026,0,65535,Tentacle Area,0,Tentacle,H2-25,NA,n/a,D6-H2-25,H2-25,H2,25,sym,W7-8
552,D6-fl-Snap-620.czi,2583.24,1379,65535,Symbiont Area,65.21600000000001,Tentacle,H2-25,NA,65.21643635,D6-H2-25,H2-25,H2,25,sym,W7-8
553,D6-bf-Snap-621.czi,896.4689999999999,0,65535,Tentacle Area,0,Tentacle,H2-25,NA,n/a,D6-H2-25,H2-25,H2,25,sym,W7-8
554,D6-fl-Snap-620.czi,540.7790000000001,1234,65535,Symbiont Area,60.323,Tentacle,H2-25,NA,60.32322367,D6-H2-25,H2-25,H2,25,sym,W7-8
556,D7-fl-Snap-618.czi,2496.101,951,65535,Symbiont Area,35.019,Tentacle,H2-25,NA,35.0189545,D7-H2-25,H2-25,H2,25,sym,W7-8
557,D7-bf-Snap-619.czi,3978.972,0,65535,Tentacle Area,0,Tentacle,H2-25,NA,n/a,D7-H2-25,H2-25,H2,25,sym,W7-8
558,D7-fl-Snap-618.czi,1804.398,655,65535,Symbiont Area,45.348,Tentacle,H2-25,NA,45.34834626,D7-H2-25,H2-25,H2,25,sym,W7-8
559,D7-bf-Snap-619.czi,8533.752,0,65535,Tentacle Area,0,Body column,H2-25,NA,n/a,D7-H2-25,H2-25,H2,25,sym,W7-8
560,D7-fl-Snap-618.czi,3590.849,593,65535,Symbiont Area,42.078,Body column,H2-25,NA,42.07819726,D7-H2-25,H2-25,H2,25,sym,W7-8
561,E1-bf-Snap-605.czi,4217.901,0,65535,Tentacle Area,0,Tentacle,H2-25,NA,n/a,E1-H2-25,H2-25,H2,25,sym,W7-8
562,E1-fl-Snap-604.czi,2754.7059999999997,1592,65535,Symbiont Area,65.31,Tentacle,H2-25,NA,65.30987806,E1-H2-25,H2-25,H2,25,sym,W7-8
563,E1-bf-Snap-605.czi,2359.663,0,65535,Tentacle Area,0,Tentacle,H2-25,NA,n/a,E1-H2-25,H2-25,H2,25,sym,W7-8
564,E1-fl-Snap-604.czi,1866.454,1636,65535,Symbiont Area,79.098,Tentacle,H2-25,NA,79.09832887,E1-H2-25,H2-25,H2,25,sym,W7-8
565,E1-bf-Snap-605.czi,161.08800000000002,0,65535,Tentacle Area,0,Tentacle,H2-25,NA,n/a,E1-H2-25,H2-25,H2,25,sym,W7-8
566,E1-fl-Snap-604.czi,93.842,1160,65535,Symbiont Area,58.255,Tentacle,H2-25,NA,58.25511522,E1-H2-25,H2-25,H2,25,sym,W7-8
567,E1-bf-Snap-605.czi,433.099,0,65535,Tentacle Area,0,Tentacle,H2-25,NA,n/a,E1-H2-25,H2-25,H2,25,sym,W7-8
568,E1-fl-Snap-604.czi,282.606,1443,65535,Symbiont Area,65.252,Tentacle,H2-25,NA,65.25205553,E1-H2-25,H2-25,H2,25,sym,W7-8
569,E2-bf-Snap-607.czi,1449.356,0,65535,Tentacle Area,0,Tentacle,H2-25,NA,n/a,E2-H2-25,H2-25,H2,25,sym,W7-8
570,E2-fl-Snap-606.czi,726.0840000000001,1271,65535,Symbiont Area,50.097,Tentacle,H2-25,NA,50.0970086,E2-H2-25,H2-25,H2,25,sym,W7-8
571,E2-bf-Snap-607.czi,1346.001,0,65535,Tentacle Area,0,Tentacle,H2-25,NA,n/a,E2-H2-25,H2-25,H2,25,sym,W7-8
572,E2-fl-Snap-606.czi,809.979,1221,65535,Symbiont Area,60.177,Tentacle,H2-25,NA,60.17670121,E2-H2-25,H2-25,H2,25,sym,W7-8
573,E2-bf-Snap-607.czi,3397.327,0,65535,Tentacle Area,0,Tentacle,H2-25,NA,n/a,E2-H2-25,H2-25,H2,25,sym,W7-8
574,E2-fl-Snap-606.czi,2124.194,1145,65535,Symbiont Area,62.525000000000006,Tentacle,H2-25,NA,62.52545016,E2-H2-25,H2-25,H2,25,sym,W7-8
575,E2-bf-Snap-607.czi,375.58299999999997,0,65535,Tentacle Area,0,Tentacle,H2-25,NA,n/a,E2-H2-25,H2-25,H2,25,sym,W7-8
576,E2-fl-Snap-606.czi,241.091,919,65535,Symbiont Area,64.191,Tentacle,H2-25,NA,64.19113751,E2-H2-25,H2-25,H2,25,sym,W7-8
577,E2-bf-Snap-607.czi,1094.531,0,65535,Tentacle Area,0,Tentacle,H2-25,NA,n/a,E2-H2-25,H2-25,H2,25,sym,W7-8
578,E2-fl-Snap-606.czi,672.4599999999999,1309,65535,Symbiont Area,61.438,Tentacle,H2-25,NA,61.43818677,E2-H2-25,H2-25,H2,25,sym,W7-8
580,E3-bf-Snap-609.czi,2029.055,0,65535,Tentacle Area,0,Tentacle,H2-25,NA,n/a,E3-H2-25,H2-25,H2,25,sym,W7-8
581,E3-fl-Snap-608.czi,1081.125,956,65535,Symbiont Area,53.282000000000004,Tentacle,H2-25,NA,53.28219294,E3-H2-25,H2-25,H2,25,sym,W7-8
582,E3-bf-Snap-609.czi,5533.414,0,65535,Tentacle Area,0,Tentacle,H2-25,NA,n/a,E3-H2-25,H2-25,H2,25,sym,W7-8
583,E3-fl-Snap-608.czi,2306.6879999999996,1123,65535,Symbiont Area,41.687,Tentacle,H2-25,NA,41.68652481,E3-H2-25,H2-25,H2,25,sym,W7-8
584,E3-bf-Snap-609.czi,4879.55,0,65535,Tentacle Area,0,Tentacle,H2-25,NA,n/a,E3-H2-25,H2-25,H2,25,sym,W7-8
585,E3-fl-Snap-608.czi,1929.376,1381,65535,Symbiont Area,39.54,Tentacle,H2-25,NA,39.54003955,E3-H2-25,H2-25,H2,25,sym,W7-8
586,E3-bf-Snap-609.czi,2479.6679999999997,0,65535,Tentacle Area,0,Tentacle,H2-25,NA,n/a,E3-H2-25,H2-25,H2,25,sym,W7-8
587,E3-fl-Snap-608.czi,1378.6509999999998,1381,65535,Symbiont Area,55.598000000000006,Tentacle,H2-25,NA,55.59820912,E3-H2-25,H2-25,H2,25,sym,W7-8
588,E3-bf-Snap-609.czi,262.065,0,65535,Tentacle Area,0,Tentacle,H2-25,NA,n/a,E3-H2-25,H2-25,H2,25,sym,W7-8
589,E3-fl-Snap-608.czi,125.41000000000001,1821,65535,Symbiont Area,47.855,Tentacle,H2-25,NA,47.8545399,E3-H2-25,H2-25,H2,25,sym,W7-8
590,E4-fl-Snap-610.czi,226728.346,0,65535,Tentacle Area,0,Tentacle,H2-25,NA,REMOVED,E4-H2-25,H2-25,H2,25,sym,W7-8
591,E4-fl-Snap-610.czi,1854.778,1633,65535,Symbiont Area,0.8180000000000001,Tentacle,H2-25,NA,REMOVED,E4-H2-25,H2-25,H2,25,sym,W7-8
592,E4-bf-Snap-611.czi,975.1750000000001,0,65535,Tentacle Area,0,Tentacle,H2-25,NA,n/a,E4-H2-25,H2-25,H2,25,sym,W7-8
593,E4-fl-Snap-610.czi,673.757,1689,65535,Symbiont Area,69.09100000000001,Tentacle,H2-25,NA,69.09088112,E4-H2-25,H2-25,H2,25,sym,W7-8
594,E4-bf-Snap-611.czi,1149.668,0,65535,Tentacle Area,0,Body column,H2-25,NA,n/a,E4-H2-25,H2-25,H2,25,sym,W7-8
595,E4-fl-Snap-610.czi,388.34000000000003,558,65535,Symbiont Area,33.778000000000006,Body column,H2-25,NA,33.77844734,E4-H2-25,H2-25,H2,25,sym,W7-8
597,E5-fl-Snap-548.czi,1019.2850000000001,1617,65535,Symbiont Area,57.912,Tentacle,H2-25,NA,57.91158425,E5-H2-25,H2-25,H2,25,sym,W7-8
598,E5-bf-Snap-549.czi,4997.825000000001,0,65535,Tentacle Area,0,Body column,H2-25,NA,n/a,E5-H2-25,H2-25,H2,25,sym,W7-8
599,E5-fl-Snap-548.czi,3111.9100000000003,1259,65535,Symbiont Area,62.26500000000001,Body column,H2-25,NA,62.2652854,E5-H2-25,H2-25,H2,25,sym,W7-8
600,E5-bf-Snap-549.czi,352.879,0,65535,Tentacle Area,0,Tentacle,H2-25,NA,n/a,E5-H2-25,H2-25,H2,25,sym,W7-8
601,E5-fl-Snap-548.czi,263.794,1458,65535,Symbiont Area,74.755,Tentacle,H2-25,NA,74.75480264,E5-H2-25,H2-25,H2,25,sym,W7-8
602,E6-bf-Snap-613.czi,790.519,0,65535,Tentacle Area,0,Tentacle,H2-25,NA,n/a,E6-H2-25,H2-25,H2,25,sym,W7-8
603,E6-fl-Snap-612.czi,420.558,1300,65535,Symbiont Area,53.2,Tentacle,H2-25,NA,53.20023934,E6-H2-25,H2-25,H2,25,sym,W7-8
604,E6-bf-Snap-613.czi,619.701,0,65535,Tentacle Area,0,Tentacle,H2-25,NA,n/a,E6-H2-25,H2-25,H2,25,sym,W7-8
605,E6-fl-Snap-612.czi,311.79599999999994,1211,65535,Symbiont Area,50.31399999999999,Tentacle,H2-25,NA,50.31394172,E6-H2-25,H2-25,H2,25,sym,W7-8
606,E6-bf-Snap-613.czi,977.769,0,65535,Tentacle Area,0,Tentacle,H2-25,NA,n/a,E6-H2-25,H2-25,H2,25,sym,W7-8
607,E6-fl-Snap-612.czi,609.106,1046,65535,Symbiont Area,62.29500000000001,Tentacle,H2-25,NA,62.29549106,E6-H2-25,H2-25,H2,25,sym,W7-8
608,E6-bf-Snap-613.czi,1620.3899999999999,0,65535,Tentacle Area,0,Tentacle,H2-25,NA,n/a,E6-H2-25,H2-25,H2,25,sym,W7-8
609,E6-fl-Snap-612.czi,1035.069,1151,65535,Symbiont Area,63.878,Tentacle,H2-25,NA,63.87777017,E6-H2-25,H2-25,H2,25,sym,W7-8
610,E6-bf-Snap-613.czi,1713.1509999999998,0,65535,Tentacle Area,0,Tentacle,H2-25,NA,n/a,E6-H2-25,H2-25,H2,25,sym,W7-8
611,E6-fl-Snap-612.czi,1064.6919999999998,1569,65535,Symbiont Area,62.148,Tentacle,H2-25,NA,62.14817024,E6-H2-25,H2-25,H2,25,sym,W7-8
612,E7-bf-Snap-615.czi,1570.442,0,65535,Tentacle Area,0,Tentacle,H2-25,NA,n/a,E7-H2-25,H2-25,H2,25,sym,W7-8
613,E7-fl-Snap-614.czi,820.5740000000001,935,65535,Symbiont Area,52.251,Tentacle,H2-25,NA,52.25114968,E7-H2-25,H2-25,H2,25,sym,W7-8
614,E7-bf-Snap-615.czi,4644.081,0,65535,Tentacle Area,0,Tentacle,H2-25,NA,n/a,E7-H2-25,H2-25,H2,25,sym,W7-8
615,E7-fl-Snap-614.czi,2358.15,1084,65535,Symbiont Area,50.778000000000006,Tentacle,H2-25,NA,50.77753812,E7-H2-25,H2-25,H2,25,sym,W7-8
616,E7-bf-Snap-615.czi,1083.287,0,65535,Tentacle Area,0,Tentacle,H2-25,NA,n/a,E7-H2-25,H2-25,H2,25,sym,W7-8
617,E7-fl-Snap-614.czi,500.777,906,65535,Symbiont Area,46.22800000000001,Tentacle,H2-25,NA,46.22754635,E7-H2-25,H2-25,H2,25,sym,W7-8
618,E7-bf-Snap-615.czi,4377.691000000001,0,65535,Tentacle Area,0,Tentacle,H2-25,NA,n/a,E7-H2-25,H2-25,H2,25,sym,W7-8
619,E7-fl-Snap-614.czi,2191.008,1084,65535,Symbiont Area,50.049,Tentacle,H2-25,NA,50.04939819,E7-H2-25,H2-25,H2,25,sym,W7-8
620,E7-bf-Snap-615.czi,1004.149,0,65535,Tentacle Area,0,Tentacle,H2-25,NA,n/a,E7-H2-25,H2-25,H2,25,sym,W7-8
621,E7-fl-Snap-614.czi,536.887,1277,65535,Symbiont Area,53.467,Tentacle,H2-25,NA,53.46686597,E7-H2-25,H2-25,H2,25,sym,W7-8
622,E7-bf-Snap-615.czi,355.041,0,65535,Tentacle Area,0,Tentacle,H2-25,NA,n/a,E7-H2-25,H2-25,H2,25,sym,W7-8
623,E7-fl-Snap-614.czi,160.22299999999998,1589,65535,Symbiont Area,45.12800000000001,Tentacle,H2-25,NA,45.12802747,E7-H2-25,H2-25,H2,25,sym,W7-8
624,E7-bf-Snap-615.czi,3633.661,0,65535,Tentacle Area,0,Tentacle,H2-25,NA,n/a,E7-H2-25,H2-25,H2,25,sym,W7-8
625,E7-fl-Snap-614.czi,1661.473,1232,65535,Symbiont Area,45.724000000000004,Tentacle,H2-25,NA,45.72449108,E7-H2-25,H2-25,H2,25,sym,W7-8
626,E8-bf-Snap-617.czi,1192.697,0,65535,Tentacle Area,0,Tentacle,H2-25,NA,n/a,E8-H2-25,H2-25,H2,25,sym,W7-8
627,E8-fl-Snap-616.czi,566.2930000000001,1079,65535,Symbiont Area,47.48,Tentacle,H2-25,NA,47.48003894,E8-H2-25,H2-25,H2,25,sym,W7-8
628,E8-bf-Snap-617.czi,3082.72,0,65535,Tentacle Area,0,Tentacle,H2-25,NA,n/a,E8-H2-25,H2-25,H2,25,sym,W7-8
629,E8-fl-Snap-616.czi,1169.993,1464,65535,Symbiont Area,37.952999999999996,Tentacle,H2-25,NA,37.95326854,E8-H2-25,H2-25,H2,25,sym,W7-8
630,E8-bf-Snap-617.czi,764.139,0,65535,Tentacle Area,0,Tentacle,H2-25,NA,n/a,E8-H2-25,H2-25,H2,25,sym,W7-8
631,E8-fl-Snap-616.czi,415.15200000000004,1563,65535,Symbiont Area,54.329,Tentacle,H2-25,NA,54.32938248,E8-H2-25,H2-25,H2,25,sym,W7-8
632,E8-bf-Snap-617.czi,2001.1619999999998,0,65535,Tentacle Area,0,Tentacle,H2-25,NA,n/a,E8-H2-25,H2-25,H2,25,sym,W7-8
633,E8-fl-Snap-616.czi,1075.719,1439,65535,Symbiont Area,53.755,Tentacle,H2-25,NA,53.75471851,E8-H2-25,H2-25,H2,25,sym,W7-8
634,E8-bf-Snap-617.czi,1192.697,0,65535,Tentacle Area,0,Tentacle,H2-25,NA,n/a,E8-H2-25,H2-25,H2,25,sym,W7-8
635,E8-fl-Snap-616.czi,566.2930000000001,1079,65535,Symbiont Area,47.48,Tentacle,H2-25,NA,47.48003894,E8-H2-25,H2-25,H2,25,sym,W7-8
636,E8-bf-Snap-617.czi,3082.72,0,65535,Tentacle Area,0,Tentacle,H2-25,NA,n/a,E8-H2-25,H2-25,H2,25,sym,W7-8
637,E8-fl-Snap-616.czi,1169.993,1464,65535,Symbiont Area,37.952999999999996,Tentacle,H2-25,NA,37.95326854,E8-H2-25,H2-25,H2,25,sym,W7-8
638,E8-bf-Snap-617.czi,764.139,0,65535,Tentacle Area,0,Tentacle,H2-25,NA,n/a,E8-H2-25,H2-25,H2,25,sym,W7-8
639,E8-fl-Snap-616.czi,415.15200000000004,1563,65535,Symbiont Area,54.329,Tentacle,H2-25,NA,54.32938248,E8-H2-25,H2-25,H2,25,sym,W7-8
640,E8-bf-Snap-617.czi,2001.1619999999998,0,65535,Tentacle Area,0,Tentacle,H2-25,NA,n/a,E8-H2-25,H2-25,H2,25,sym,W7-8
641,E8-fl-Snap-616.czi,1075.719,1439,65535,Symbiont Area,53.755,Tentacle,H2-25,NA,53.75471851,E8-H2-25,H2-25,H2,25,sym,W7-8
642,F2-bf-Snap-559.czi,1169.993,0,65535,Tentacle Area,0,Tentacle,H2-25,NA,n/a,F2-H2-25,H2-25,H2,25,sym,W7-8
643,F2-fl-Snap-558.czi,738.408,1778,65535,Symbiont Area,63.112,Tentacle,H2-25,NA,63.11217247,F2-H2-25,H2-25,H2,25,sym,W7-8
644,F2-bf-Snap-559.czi,2851.792,0,65535,Tentacle Area,0,Tentacle,H2-25,NA,n/a,F2-H2-25,H2-25,H2,25,sym,W7-8
645,F2-fl-Snap-558.czi,1376.7050000000002,920,65535,Symbiont Area,48.275000000000006,Tentacle,H2-25,NA,48.27508458,F2-H2-25,H2-25,H2,25,sym,W7-8
646,F2-bf-Snap-559.czi,3834.102,0,65535,Tentacle Area,0,Tentacle,H2-25,NA,n/a,F2-H2-25,H2-25,H2,25,sym,W7-8
647,F2-fl-Snap-558.czi,1809.587,996,65535,Symbiont Area,47.197,Tentacle,H2-25,NA,47.19715334,F2-H2-25,H2-25,H2,25,sym,W7-8
648,F2-bf-Snap-559.czi,1494.763,0,65535,Tentacle Area,0,Tentacle,H2-25,NA,n/a,F2-H2-25,H2-25,H2,25,sym,W7-8
649,F2-fl-Snap-558.czi,648.243,1012,65535,Symbiont Area,43.368,Tentacle,H2-25,NA,43.36761079,F2-H2-25,H2-25,H2,25,sym,W7-8
650,F2-bf-Snap-559.czi,713.3259999999999,0,65535,Tentacle Area,0,Tentacle,H2-25,NA,n/a,F2-H2-25,H2-25,H2,25,sym,W7-8
651,F2-fl-Snap-558.czi,429.639,1272,65535,Symbiont Area,60.230000000000004,Tentacle,H2-25,NA,60.23038555,F2-H2-25,H2-25,H2,25,sym,W7-8
652,F2-bf-Snap-559.czi,750.3009999999999,0,65535,Tentacle Area,0,Tentacle,H2-25,NA,n/a,F2-H2-25,H2-25,H2,25,sym,W7-8
653,F2-fl-Snap-558.czi,466.61400000000003,1303,65535,Symbiont Area,62.190000000000005,Tentacle,H2-25,NA,62.19024098,F2-H2-25,H2-25,H2,25,sym,W7-8
654,F3-bf-Snap-593.czi,1792.505,0,65535,Tentacle Area,0,Tentacle,H2-25,NA,n/a,F3-H2-25,H2-25,H2,25,sym,W7-8
655,F3-fl-Snap-592.czi,902.9559999999999,1856,65535,Symbiont Area,50.373999999999995,Tentacle,H2-25,NA,50.37397385,F3-H2-25,H2-25,H2,25,sym,W7-8
656,F3-bf-Snap-593.czi,1807.6409999999998,0,65535,Tentacle Area,0,Tentacle,H2-25,NA,n/a,F3-H2-25,H2-25,H2,25,sym,W7-8
657,F3-fl-Snap-592.czi,1005.879,1330,65535,Symbiont Area,55.646,Tentacle,H2-25,NA,55.64594961,F3-H2-25,H2-25,H2,25,sym,W7-8
658,F3-bf-Snap-593.czi,4034.11,0,65535,Tentacle Area,0,Tentacle,H2-25,NA,n/a,F3-H2-25,H2-25,H2,25,sym,W7-8
659,F3-fl-Snap-592.czi,1808.0729999999999,1176,65535,Symbiont Area,44.82,Tentacle,H2-25,NA,44.81962564,F3-H2-25,H2-25,H2,25,sym,W7-8
660,F3-bf-Snap-593.czi,4490.9929999999995,0,65535,Tentacle Area,0,Tentacle,H2-25,NA,n/a,F3-H2-25,H2-25,H2,25,sym,W7-8
661,F3-fl-Snap-592.czi,2460.424,1408,65535,Symbiont Area,54.786,Tentacle,H2-25,NA,54.7857456,F3-H2-25,H2-25,H2,25,sym,W7-8
662,F3-bf-Snap-593.czi,836.1419999999999,0,65535,Tentacle Area,0,Tentacle,H2-25,NA,n/a,F3-H2-25,H2-25,H2,25,sym,W7-8
663,F3-fl-Snap-592.czi,422.07099999999997,1764,65535,Symbiont Area,50.478,Tentacle,H2-25,NA,50.47838764,F3-H2-25,H2-25,H2,25,sym,W7-8
664,F4-bf-Snap-595.czi,3045.745,0,65535,Tentacle Area,0,Tentacle,H2-25,NA,n/a,F4-H2-25,H2-25,H2,25,sym,W7-8
665,F4-fl-Snap-594.czi,1277.241,1417,65535,Symbiont Area,41.935,Tentacle,H2-25,NA,41.93525722,F4-H2-25,H2-25,H2,25,sym,W7-8
666,F4-bf-Snap-595.czi,6505.129000000001,0,65535,Tentacle Area,0,Tentacle,H2-25,NA,n/a,F4-H2-25,H2-25,H2,25,sym,W7-8
667,F4-fl-Snap-594.czi,3514.3050000000003,811,65535,Symbiont Area,54.024,Tentacle,H2-25,NA,54.02360199,F4-H2-25,H2-25,H2,25,sym,W7-8
668,F4-bf-Snap-595.czi,5420.976999999999,0,65535,Tentacle Area,0,Tentacle,H2-25,NA,n/a,F4-H2-25,H2-25,H2,25,sym,W7-8
669,F4-fl-Snap-594.czi,2828.8720000000003,1199,65535,Symbiont Area,52.184,Tentacle,H2-25,NA,52.18380377,F4-H2-25,H2-25,H2,25,sym,W7-8
670,F4-bf-Snap-595.czi,2028.6229999999998,0,65535,Tentacle Area,0,Tentacle,H2-25,NA,n/a,F4-H2-25,H2-25,H2,25,sym,W7-8
671,F4-fl-Snap-594.czi,1188.589,666,65535,Symbiont Area,58.591,Tentacle,H2-25,NA,58.59092596,F4-H2-25,H2-25,H2,25,sym,W7-8
672,F4-bf-Snap-595.czi,19298.946000000004,0,65535,Tentacle Area,0,Body column,H2-25,NA,n/a,F4-H2-25,H2-25,H2,25,sym,W7-8
673,F4-fl-Snap-594.czi,9430.005,702,65535,Symbiont Area,48.863,Body column,H2-25,NA,48.862798,F4-H2-25,H2-25,H2,25,sym,W7-8
674,F5-bf-Snap-597.czi,1599.6329999999998,0,65535,Tentacle Area,0,Tentacle,H2-25,NA,n/a,F5-H2-25,H2-25,H2,25,sym,W7-8
675,F5-fl-Snap-596.czi,914.4159999999999,1366,65535,Symbiont Area,57.164,Tentacle,H2-25,NA,57.16411202,F5-H2-25,H2-25,H2,25,sym,W7-8
676,F5-bf-Snap-597.czi,1252.375,0,65535,Tentacle Area,0,Tentacle,H2-25,NA,n/a,F5-H2-25,H2-25,H2,25,sym,W7-8
677,F5-fl-Snap-596.czi,916.7940000000001,1072,65535,Symbiont Area,73.20400000000001,Tentacle,H2-25,NA,73.20443158,F5-H2-25,H2-25,H2,25,sym,W7-8
678,F5-bf-Snap-597.czi,833.764,0,65535,Tentacle Area,0,Tentacle,H2-25,NA,n/a,F5-H2-25,H2-25,H2,25,sym,W7-8
679,F5-fl-Snap-596.czi,586.186,1111,65535,Symbiont Area,70.306,Tentacle,H2-25,NA,70.30598587,F5-H2-25,H2-25,H2,25,sym,W7-8
680,F6-bf-Snap-599.czi,3473.006,0,65535,Tentacle Area,70.306,Tentacle,H2-25,NA,n/a,F6-H2-25,H2-25,H2,25,sym,W7-8
681,F6-fl-Snap-598.czi,2339.338,999,65535,Symbiont Area,67.35799999999999,Tentacle,H2-25,NA,67.35772987,F6-H2-25,H2-25,H2,25,sym,W7-8
682,F6-bf-Snap-599.czi,1187.075,0,65535,Tentacle Area,0,Tentacle,H2-25,NA,n/a,F6-H2-25,H2-25,H2,25,sym,W7-8
683,F6-fl-Snap-598.czi,659.2700000000001,1316,65535,Symbiont Area,55.537,Tentacle,H2-25,NA,55.53735021,F6-H2-25,H2-25,H2,25,sym,W7-8
684,F6-bf-Snap-599.czi,3002.717,0,65535,Tentacle Area,0,Tentacle,H2-25,NA,n/a,F6-H2-25,H2-25,H2,25,sym,W7-8
685,F6-fl-Snap-598.czi,1960.08,1025,65535,Symbiont Area,65.277,Tentacle,H2-25,NA,65.2768809,F6-H2-25,H2-25,H2,25,sym,W7-8
686,F6-bf-Snap-599.czi,3780.9100000000003,0,65535,Tentacle Area,0,Tentacle,H2-25,NA,n/a,F6-H2-25,H2-25,H2,25,sym,W7-8
687,F6-fl-Snap-598.czi,2838.169,1227,65535,Symbiont Area,75.066,Tentacle,H2-25,NA,75.06576459,F6-H2-25,H2-25,H2,25,sym,W7-8
688,F6-bf-Snap-599.czi,11495.17,0,65535,Tentacle Area,0,Body column,H2-25,NA,n/a,F6-H2-25,H2-25,H2,25,sym,W7-8
689,F6-fl-Snap-598.czi,4755.004,759,65535,Symbiont Area,41.365,Body column,H2-25,NA,41.36523427,F6-H2-25,H2-25,H2,25,sym,W7-8
690,F7-bf-Snap-601.czi,587.2669999999999,0,65535,Tentacle Area,0,Tentacle,H2-25,NA,n/a,F7-H2-25,H2-25,H2,25,sym,W7-8
691,F7-fl-Snap-600.czi,338.176,1598,65535,Symbiont Area,57.585,Tentacle,H2-25,NA,57.58471019,F7-H2-25,H2-25,H2,25,sym,W7-8
692,F7-fl-Snap-600.czi,226728.346,0,65535,Tentacle Area,0,Tentacle,H2-25,NA,REMOVED,F7-H2-25,H2-25,H2,25,sym,W7-8
693,F7-fl-Snap-600.czi,674.406,1719,65535,Symbiont Area,0.29700000000000004,Tentacle,H2-25,NA,REMOVED,F7-H2-25,H2-25,H2,25,sym,W7-8
694,F7-bf-Snap-601.czi,534.508,0,65535,Tentacle Area,0,Tentacle,H2-25,NA,n/a,F7-H2-25,H2-25,H2,25,sym,W7-8
695,F7-fl-Snap-600.czi,286.714,1643,65535,Symbiont Area,53.641,Tentacle,H2-25,NA,53.64073129,F7-H2-25,H2-25,H2,25,sym,W7-8
696,F7-bf-Snap-601.czi,593.754,0,65535,Tentacle Area,0,Tentacle,H2-25,NA,n/a,F7-H2-25,H2-25,H2,25,sym,W7-8
697,F7-fl-Snap-600.czi,296.877,1415,65535,Symbiont Area,50,Tentacle,H2-25,NA,50,F7-H2-25,H2-25,H2,25,sym,W7-8
698,F8-bf-Snap-603.czi,2578.267,0,65535,Tentacle Area,0,Tentacle,H2-25,NA,n/a,F8-H2-25,H2-25,H2,25,sym,W7-8
699,F8-fl-Snap-602.czi,1139.0729999999999,1325,65535,Symbiont Area,44.18,Tentacle,H2-25,NA,44.17979209,F8-H2-25,H2-25,H2,25,sym,W7-8
700,F8-bf-Snap-603.czi,3203.3730000000005,0,65535,Tentacle Area,0,Tentacle,H2-25,NA,n/a,F8-H2-25,H2-25,H2,25,sym,W7-8
701,F8-fl-Snap-602.czi,1742.125,1745,65535,Symbiont Area,54.38399999999999,Tentacle,H2-25,NA,54.38408203,F8-H2-25,H2-25,H2,25,sym,W7-8
702,F8-bf-Snap-603.czi,611.484,0,65535,Tentacle Area,0,Tentacle,H2-25,NA,n/a,F8-H2-25,H2-25,H2,25,sym,W7-8
703,F8-fl-Snap-602.czi,315.688,1091,65535,Symbiont Area,51.627,Tentacle,H2-25,NA,51.62653479,F8-H2-25,H2-25,H2,25,sym,W7-8
704,F8-bf-Snap-603.czi,14291.175,0,65535,Tentacle Area,51.627,Tentacle,H2-25,NA,REMOVED,F8-H2-25,H2-25,H2,25,sym,W7-8
