"contrast","day_cat","ratio","SE","df","null","z.ratio","p.value"
"25C (ambient) / 32C (heat stress)","day_0",0.99322200897539,3035.55052510425,Inf,1,-2.22528609319755e-06,0.999998224478583
"25C (ambient) / 32C (heat stress)","day_10",0.79699943696615,0.053908027102759,Inf,1,-3.35460641676199,0.00079477976760292
"25C (ambient) / 32C (heat stress)","day_11",0.796999239855375,0.0539080247443768,Inf,1,-3.35460939029891,0.000794771225399725
"25C (ambient) / 32C (heat stress)","day_12",0.834679567441366,0.0553321367317535,Inf,1,-2.72595215255349,0.00641162920669104
"25C (ambient) / 32C (heat stress)","day_13",0.89324158727577,0.058364871806724,Inf,1,-1.72784355473439,0.0840162763241381
"25C (ambient) / 32C (heat stress)","day_14",0.894920879398656,0.058414079080925,Inf,1,-1.70085856917439,0.0889695480587926
"25C (ambient) / 32C (heat stress)","day_17",0.936788852138134,0.0636407451926233,Inf,1,-0.961174244900857,0.336464563876386
"25C (ambient) / 32C (heat stress)","day_20",0.933035661140586,0.0630346843433493,Inf,1,-1.02594999648593,0.304915154416023
"25C (ambient) / 32C (heat stress)","day_21",0.936750535651059,0.0631547076043589,Inf,1,-0.969138505503441,0.332476088046783
"25C (ambient) / 32C (heat stress)","day_4",6.72830288931699e-05,0.0995330025283706,Inf,1,-0.00649393968608008,0.994818622203249
"25C (ambient) / 32C (heat stress)","day_5",0.178817517561822,0.0316411615976431,Inf,1,-9.72829606513085,2.28386448705981e-22
"25C (ambient) / 32C (heat stress)","day_6",0.392567236575256,0.0363141699451096,Inf,1,-10.1081477359105,5.08362829381529e-24
"25C (ambient) / 32C (heat stress)","day_7",0.584193315890024,0.041543113788399,Inf,1,-7.558834863777,4.06695831834158e-14
"25C (ambient) / 32C (heat stress)","day_8",0.656729809405043,0.0473262306249897,Inf,1,-5.83489219880523,5.38253558886025e-09
"25C (ambient) / 32C (heat stress)","day_9",0.743721135749616,0.0515311765784372,Inf,1,-4.27329162886334,1.92608276830636e-05
