ID,plate,treatment,line,symbiosis,well,temp,lacerate,day,day_cat,tent_count
H2-Apo-25-A1-1,1,H2-APO-25C,H2,Apo,A1,25C (ambient),1,0,day_0,0
H2-Apo-25-A1-1,1,H2-APO-25C,H2,Apo,A1,25C (ambient),1,3,day_3,x
H2-Apo-25-A1-1,1,H2-APO-25C,H2,Apo,A1,25C (ambient),1,4,day_4,x
H2-Apo-25-A1-1,1,H2-APO-25C,H2,Apo,A1,25C (ambient),1,5,day_5,x
H2-Apo-25-A1-1,1,H2-APO-25C,H2,Apo,A1,25C (ambient),1,7,day_7,x
H2-Apo-25-A1-1,1,H2-APO-25C,H2,Apo,A1,25C (ambient),1,10,day_10,x
H2-Apo-25-A1-1,1,H2-APO-25C,H2,Apo,A1,25C (ambient),1,11,day_11,x
H2-Apo-25-A1-1,1,H2-APO-25C,H2,Apo,A1,25C (ambient),1,14,day_14,x
H2-Apo-25-A1-1,1,H2-APO-25C,H2,Apo,A1,25C (ambient),1,21,day_21,x
H2-Apo-25-A2-1,1,H2-APO-25C,H2,Apo,A2,25C (ambient),1,0,day_0,0
H2-Apo-25-A2-1,1,H2-APO-25C,H2,Apo,A2,25C (ambient),1,3,day_3,0
H2-Apo-25-A2-1,1,H2-APO-25C,H2,Apo,A2,25C (ambient),1,4,day_4,0
H2-Apo-25-A2-1,1,H2-APO-25C,H2,Apo,A2,25C (ambient),1,5,day_5,1
H2-Apo-25-A2-1,1,H2-APO-25C,H2,Apo,A2,25C (ambient),1,7,day_7,8
H2-Apo-25-A2-1,1,H2-APO-25C,H2,Apo,A2,25C (ambient),1,10,day_10,14
H2-Apo-25-A2-1,1,H2-APO-25C,H2,Apo,A2,25C (ambient),1,11,day_11,14
H2-Apo-25-A2-1,1,H2-APO-25C,H2,Apo,A2,25C (ambient),1,14,day_14,14
H2-Apo-25-A2-1,1,H2-APO-25C,H2,Apo,A2,25C (ambient),1,21,day_21,14
H2-Apo-25-A3-1,1,H2-APO-25C,H2,Apo,A3,25C (ambient),1,0,day_0,0
H2-Apo-25-A3-1,1,H2-APO-25C,H2,Apo,A3,25C (ambient),1,3,day_3,0
H2-Apo-25-A3-1,1,H2-APO-25C,H2,Apo,A3,25C (ambient),1,4,day_4,0
H2-Apo-25-A3-1,1,H2-APO-25C,H2,Apo,A3,25C (ambient),1,5,day_5,4
H2-Apo-25-A3-1,1,H2-APO-25C,H2,Apo,A3,25C (ambient),1,7,day_7,6
H2-Apo-25-A3-1,1,H2-APO-25C,H2,Apo,A3,25C (ambient),1,10,day_10,9
H2-Apo-25-A3-1,1,H2-APO-25C,H2,Apo,A3,25C (ambient),1,11,day_11,11
H2-Apo-25-A3-1,1,H2-APO-25C,H2,Apo,A3,25C (ambient),1,14,day_14,11
H2-Apo-25-A3-1,1,H2-APO-25C,H2,Apo,A3,25C (ambient),1,21,day_21,12
H2-Apo-25-A4-1,1,H2-APO-25C,H2,Apo,A4,25C (ambient),1,0,day_0,0
H2-Apo-25-A4-1,1,H2-APO-25C,H2,Apo,A4,25C (ambient),1,3,day_3,0
H2-Apo-25-A4-1,1,H2-APO-25C,H2,Apo,A4,25C (ambient),1,4,day_4,0
H2-Apo-25-A4-1,1,H2-APO-25C,H2,Apo,A4,25C (ambient),1,5,day_5,2
H2-Apo-25-A4-1,1,H2-APO-25C,H2,Apo,A4,25C (ambient),1,7,day_7,3
H2-Apo-25-A4-1,1,H2-APO-25C,H2,Apo,A4,25C (ambient),1,10,day_10,13
H2-Apo-25-A4-1,1,H2-APO-25C,H2,Apo,A4,25C (ambient),1,11,day_11,13
H2-Apo-25-A4-1,1,H2-APO-25C,H2,Apo,A4,25C (ambient),1,14,day_14,14
H2-Apo-25-A4-1,1,H2-APO-25C,H2,Apo,A4,25C (ambient),1,21,day_21,14
H2-Apo-25-A4-2,1,H2-APO-25C,H2,Apo,A4,25C (ambient),2,0,day_0,0
H2-Apo-25-A4-2,1,H2-APO-25C,H2,Apo,A4,25C (ambient),2,3,day_3,0
H2-Apo-25-A4-2,1,H2-APO-25C,H2,Apo,A4,25C (ambient),2,4,day_4,1
H2-Apo-25-A4-2,1,H2-APO-25C,H2,Apo,A4,25C (ambient),2,5,day_5,1
H2-Apo-25-A4-2,1,H2-APO-25C,H2,Apo,A4,25C (ambient),2,7,day_7,6
H2-Apo-25-A4-2,1,H2-APO-25C,H2,Apo,A4,25C (ambient),2,10,day_10,8
H2-Apo-25-A4-2,1,H2-APO-25C,H2,Apo,A4,25C (ambient),2,11,day_11,8
H2-Apo-25-A4-2,1,H2-APO-25C,H2,Apo,A4,25C (ambient),2,14,day_14,8
H2-Apo-25-A4-2,1,H2-APO-25C,H2,Apo,A4,25C (ambient),2,21,day_21,9
H2-Apo-25-B1-1,1,H2-APO-25C,H2,Apo,B1,25C (ambient),1,0,day_0,0
H2-Apo-25-B1-1,1,H2-APO-25C,H2,Apo,B1,25C (ambient),1,3,day_3,0
H2-Apo-25-B1-1,1,H2-APO-25C,H2,Apo,B1,25C (ambient),1,4,day_4,1
H2-Apo-25-B1-1,1,H2-APO-25C,H2,Apo,B1,25C (ambient),1,5,day_5,4
H2-Apo-25-B1-1,1,H2-APO-25C,H2,Apo,B1,25C (ambient),1,7,day_7,7
H2-Apo-25-B1-1,1,H2-APO-25C,H2,Apo,B1,25C (ambient),1,10,day_10,7
H2-Apo-25-B1-1,1,H2-APO-25C,H2,Apo,B1,25C (ambient),1,11,day_11,8
H2-Apo-25-B1-1,1,H2-APO-25C,H2,Apo,B1,25C (ambient),1,14,day_14,8
H2-Apo-25-B1-1,1,H2-APO-25C,H2,Apo,B1,25C (ambient),1,21,day_21,8
H2-Apo-25-B2-1,1,H2-APO-25C,H2,Apo,B2,25C (ambient),1,0,day_0,0
H2-Apo-25-B2-1,1,H2-APO-25C,H2,Apo,B2,25C (ambient),1,3,day_3,x
H2-Apo-25-B2-1,1,H2-APO-25C,H2,Apo,B2,25C (ambient),1,4,day_4,x
H2-Apo-25-B2-1,1,H2-APO-25C,H2,Apo,B2,25C (ambient),1,5,day_5,x
H2-Apo-25-B2-1,1,H2-APO-25C,H2,Apo,B2,25C (ambient),1,7,day_7,x
H2-Apo-25-B2-1,1,H2-APO-25C,H2,Apo,B2,25C (ambient),1,10,day_10,x
H2-Apo-25-B2-1,1,H2-APO-25C,H2,Apo,B2,25C (ambient),1,11,day_11,x
H2-Apo-25-B2-1,1,H2-APO-25C,H2,Apo,B2,25C (ambient),1,14,day_14,x
H2-Apo-25-B2-1,1,H2-APO-25C,H2,Apo,B2,25C (ambient),1,21,day_21,x
H2-Apo-25-B3-1,1,H2-APO-25C,H2,Apo,B3,25C (ambient),1,0,day_0,0
H2-Apo-25-B3-1,1,H2-APO-25C,H2,Apo,B3,25C (ambient),1,3,day_3,0
H2-Apo-25-B3-1,1,H2-APO-25C,H2,Apo,B3,25C (ambient),1,4,day_4,1
H2-Apo-25-B3-1,1,H2-APO-25C,H2,Apo,B3,25C (ambient),1,5,day_5,2
H2-Apo-25-B3-1,1,H2-APO-25C,H2,Apo,B3,25C (ambient),1,7,day_7,9
H2-Apo-25-B3-1,1,H2-APO-25C,H2,Apo,B3,25C (ambient),1,10,day_10,13
H2-Apo-25-B3-1,1,H2-APO-25C,H2,Apo,B3,25C (ambient),1,11,day_11,14
H2-Apo-25-B3-1,1,H2-APO-25C,H2,Apo,B3,25C (ambient),1,14,day_14,14
H2-Apo-25-B3-1,1,H2-APO-25C,H2,Apo,B3,25C (ambient),1,21,day_21,15
H2-Apo-25-B4-1,1,H2-APO-25C,H2,Apo,B4,25C (ambient),1,0,day_0,0
H2-Apo-25-B4-1,1,H2-APO-25C,H2,Apo,B4,25C (ambient),1,3,day_3,0
H2-Apo-25-B4-1,1,H2-APO-25C,H2,Apo,B4,25C (ambient),1,4,day_4,0
H2-Apo-25-B4-1,1,H2-APO-25C,H2,Apo,B4,25C (ambient),1,5,day_5,3
H2-Apo-25-B4-1,1,H2-APO-25C,H2,Apo,B4,25C (ambient),1,7,day_7,10
H2-Apo-25-B4-1,1,H2-APO-25C,H2,Apo,B4,25C (ambient),1,10,day_10,12
H2-Apo-25-B4-1,1,H2-APO-25C,H2,Apo,B4,25C (ambient),1,11,day_11,12
H2-Apo-25-B4-1,1,H2-APO-25C,H2,Apo,B4,25C (ambient),1,14,day_14,x
H2-Apo-25-B4-1,1,H2-APO-25C,H2,Apo,B4,25C (ambient),1,21,day_21,x
H2-Apo-25-C1-1,1,H2-APO-25C,H2,Apo,C1,25C (ambient),1,0,day_0,0
H2-Apo-25-C1-1,1,H2-APO-25C,H2,Apo,C1,25C (ambient),1,3,day_3,0
H2-Apo-25-C1-1,1,H2-APO-25C,H2,Apo,C1,25C (ambient),1,4,day_4,0
H2-Apo-25-C1-1,1,H2-APO-25C,H2,Apo,C1,25C (ambient),1,5,day_5,2
H2-Apo-25-C1-1,1,H2-APO-25C,H2,Apo,C1,25C (ambient),1,7,day_7,8
H2-Apo-25-C1-1,1,H2-APO-25C,H2,Apo,C1,25C (ambient),1,10,day_10,8
H2-Apo-25-C1-1,1,H2-APO-25C,H2,Apo,C1,25C (ambient),1,11,day_11,8
H2-Apo-25-C1-1,1,H2-APO-25C,H2,Apo,C1,25C (ambient),1,14,day_14,11
H2-Apo-25-C1-1,1,H2-APO-25C,H2,Apo,C1,25C (ambient),1,21,day_21,11
H2-Apo-25-C2-1,1,H2-APO-25C,H2,Apo,C2,25C (ambient),1,0,day_0,0
H2-Apo-25-C2-1,1,H2-APO-25C,H2,Apo,C2,25C (ambient),1,3,day_3,x
H2-Apo-25-C2-1,1,H2-APO-25C,H2,Apo,C2,25C (ambient),1,4,day_4,x
H2-Apo-25-C2-1,1,H2-APO-25C,H2,Apo,C2,25C (ambient),1,5,day_5,x
H2-Apo-25-C2-1,1,H2-APO-25C,H2,Apo,C2,25C (ambient),1,7,day_7,x
H2-Apo-25-C2-1,1,H2-APO-25C,H2,Apo,C2,25C (ambient),1,10,day_10,x
H2-Apo-25-C2-1,1,H2-APO-25C,H2,Apo,C2,25C (ambient),1,11,day_11,x
H2-Apo-25-C2-1,1,H2-APO-25C,H2,Apo,C2,25C (ambient),1,14,day_14,x
H2-Apo-25-C2-1,1,H2-APO-25C,H2,Apo,C2,25C (ambient),1,21,day_21,x
H2-Apo-25-C3-1,1,H2-APO-25C,H2,Apo,C3,25C (ambient),1,0,day_0,0
H2-Apo-25-C3-1,1,H2-APO-25C,H2,Apo,C3,25C (ambient),1,3,day_3,0
H2-Apo-25-C3-1,1,H2-APO-25C,H2,Apo,C3,25C (ambient),1,4,day_4,0
H2-Apo-25-C3-1,1,H2-APO-25C,H2,Apo,C3,25C (ambient),1,5,day_5,1
H2-Apo-25-C3-1,1,H2-APO-25C,H2,Apo,C3,25C (ambient),1,7,day_7,10
H2-Apo-25-C3-1,1,H2-APO-25C,H2,Apo,C3,25C (ambient),1,10,day_10,10
H2-Apo-25-C3-1,1,H2-APO-25C,H2,Apo,C3,25C (ambient),1,11,day_11,10
H2-Apo-25-C3-1,1,H2-APO-25C,H2,Apo,C3,25C (ambient),1,14,day_14,10
H2-Apo-25-C3-1,1,H2-APO-25C,H2,Apo,C3,25C (ambient),1,21,day_21,10
H2-Apo-25-C4-1,1,H2-APO-25C,H2,Apo,C4,25C (ambient),1,0,day_0,0
H2-Apo-25-C4-1,1,H2-APO-25C,H2,Apo,C4,25C (ambient),1,3,day_3,0
H2-Apo-25-C4-1,1,H2-APO-25C,H2,Apo,C4,25C (ambient),1,4,day_4,0
H2-Apo-25-C4-1,1,H2-APO-25C,H2,Apo,C4,25C (ambient),1,5,day_5,3
H2-Apo-25-C4-1,1,H2-APO-25C,H2,Apo,C4,25C (ambient),1,7,day_7,11
H2-Apo-25-C4-1,1,H2-APO-25C,H2,Apo,C4,25C (ambient),1,10,day_10,12
H2-Apo-25-C4-1,1,H2-APO-25C,H2,Apo,C4,25C (ambient),1,11,day_11,12
H2-Apo-25-C4-1,1,H2-APO-25C,H2,Apo,C4,25C (ambient),1,14,day_14,12
H2-Apo-25-C4-1,1,H2-APO-25C,H2,Apo,C4,25C (ambient),1,21,day_21,12
H2-Apo-32-A1-1,2,H2-APO-32C,H2,Apo,A1,32C (heat stress),1,0,day_0,0
H2-Apo-32-A1-1,2,H2-APO-32C,H2,Apo,A1,32C (heat stress),1,3,day_3,1
H2-Apo-32-A1-1,2,H2-APO-32C,H2,Apo,A1,32C (heat stress),1,4,day_4,5
H2-Apo-32-A1-1,2,H2-APO-32C,H2,Apo,A1,32C (heat stress),1,5,day_5,5
H2-Apo-32-A1-1,2,H2-APO-32C,H2,Apo,A1,32C (heat stress),1,7,day_7,10
H2-Apo-32-A1-1,2,H2-APO-32C,H2,Apo,A1,32C (heat stress),1,10,day_10,11
H2-Apo-32-A1-1,2,H2-APO-32C,H2,Apo,A1,32C (heat stress),1,11,day_11,11
H2-Apo-32-A1-1,2,H2-APO-32C,H2,Apo,A1,32C (heat stress),1,14,day_14,11
H2-Apo-32-A1-1,2,H2-APO-32C,H2,Apo,A1,32C (heat stress),1,21,day_21,11
H2-Apo-32-A2-1,2,H2-APO-32C,H2,Apo,A2,32C (heat stress),1,0,day_0,0
H2-Apo-32-A2-1,2,H2-APO-32C,H2,Apo,A2,32C (heat stress),1,3,day_3,0
H2-Apo-32-A2-1,2,H2-APO-32C,H2,Apo,A2,32C (heat stress),1,4,day_4,0
H2-Apo-32-A2-1,2,H2-APO-32C,H2,Apo,A2,32C (heat stress),1,5,day_5,2
H2-Apo-32-A2-1,2,H2-APO-32C,H2,Apo,A2,32C (heat stress),1,7,day_7,6
H2-Apo-32-A2-1,2,H2-APO-32C,H2,Apo,A2,32C (heat stress),1,10,day_10,6
H2-Apo-32-A2-1,2,H2-APO-32C,H2,Apo,A2,32C (heat stress),1,11,day_11,6
H2-Apo-32-A2-1,2,H2-APO-32C,H2,Apo,A2,32C (heat stress),1,14,day_14,6
H2-Apo-32-A2-1,2,H2-APO-32C,H2,Apo,A2,32C (heat stress),1,21,day_21,6
H2-Apo-32-A3-1,2,H2-APO-32C,H2,Apo,A3,32C (heat stress),1,0,day_0,0
H2-Apo-32-A3-1,2,H2-APO-32C,H2,Apo,A3,32C (heat stress),1,3,day_3,0
H2-Apo-32-A3-1,2,H2-APO-32C,H2,Apo,A3,32C (heat stress),1,4,day_4,0
H2-Apo-32-A3-1,2,H2-APO-32C,H2,Apo,A3,32C (heat stress),1,5,day_5,3
H2-Apo-32-A3-1,2,H2-APO-32C,H2,Apo,A3,32C (heat stress),1,7,day_7,6
H2-Apo-32-A3-1,2,H2-APO-32C,H2,Apo,A3,32C (heat stress),1,10,day_10,7
H2-Apo-32-A3-1,2,H2-APO-32C,H2,Apo,A3,32C (heat stress),1,11,day_11,7
H2-Apo-32-A3-1,2,H2-APO-32C,H2,Apo,A3,32C (heat stress),1,14,day_14,7
H2-Apo-32-A3-1,2,H2-APO-32C,H2,Apo,A3,32C (heat stress),1,21,day_21,x
H2-Apo-32-A4-1,2,H2-APO-32C,H2,Apo,A4,32C (heat stress),1,0,day_0,0
H2-Apo-32-A4-1,2,H2-APO-32C,H2,Apo,A4,32C (heat stress),1,3,day_3,1
H2-Apo-32-A4-1,2,H2-APO-32C,H2,Apo,A4,32C (heat stress),1,4,day_4,0
H2-Apo-32-A4-1,2,H2-APO-32C,H2,Apo,A4,32C (heat stress),1,5,day_5,7
H2-Apo-32-A4-1,2,H2-APO-32C,H2,Apo,A4,32C (heat stress),1,7,day_7,10
H2-Apo-32-A4-1,2,H2-APO-32C,H2,Apo,A4,32C (heat stress),1,10,day_10,10
H2-Apo-32-A4-1,2,H2-APO-32C,H2,Apo,A4,32C (heat stress),1,11,day_11,10
H2-Apo-32-A4-1,2,H2-APO-32C,H2,Apo,A4,32C (heat stress),1,14,day_14,12
H2-Apo-32-A4-1,2,H2-APO-32C,H2,Apo,A4,32C (heat stress),1,21,day_21,12
H2-Apo-32-B1-1,2,H2-APO-32C,H2,Apo,B1,32C (heat stress),1,0,day_0,0
H2-Apo-32-B1-1,2,H2-APO-32C,H2,Apo,B1,32C (heat stress),1,3,day_3,x
H2-Apo-32-B1-1,2,H2-APO-32C,H2,Apo,B1,32C (heat stress),1,4,day_4,x
H2-Apo-32-B1-1,2,H2-APO-32C,H2,Apo,B1,32C (heat stress),1,5,day_5,x
H2-Apo-32-B1-1,2,H2-APO-32C,H2,Apo,B1,32C (heat stress),1,7,day_7,x
H2-Apo-32-B1-1,2,H2-APO-32C,H2,Apo,B1,32C (heat stress),1,10,day_10,x
H2-Apo-32-B1-1,2,H2-APO-32C,H2,Apo,B1,32C (heat stress),1,11,day_11,x
H2-Apo-32-B1-1,2,H2-APO-32C,H2,Apo,B1,32C (heat stress),1,14,day_14,x
H2-Apo-32-B1-1,2,H2-APO-32C,H2,Apo,B1,32C (heat stress),1,21,day_21,x
H2-Apo-32-B2-1,2,H2-APO-32C,H2,Apo,B2,32C (heat stress),1,0,day_0,0
H2-Apo-32-B2-1,2,H2-APO-32C,H2,Apo,B2,32C (heat stress),1,3,day_3,0
H2-Apo-32-B2-1,2,H2-APO-32C,H2,Apo,B2,32C (heat stress),1,4,day_4,0
H2-Apo-32-B2-1,2,H2-APO-32C,H2,Apo,B2,32C (heat stress),1,5,day_5,0
H2-Apo-32-B2-1,2,H2-APO-32C,H2,Apo,B2,32C (heat stress),1,7,day_7,0
H2-Apo-32-B2-1,2,H2-APO-32C,H2,Apo,B2,32C (heat stress),1,10,day_10,5
H2-Apo-32-B2-1,2,H2-APO-32C,H2,Apo,B2,32C (heat stress),1,11,day_11,8
H2-Apo-32-B2-1,2,H2-APO-32C,H2,Apo,B2,32C (heat stress),1,14,day_14,8
H2-Apo-32-B2-1,2,H2-APO-32C,H2,Apo,B2,32C (heat stress),1,21,day_21,8
H2-Apo-32-B3-1,2,H2-APO-32C,H2,Apo,B3,32C (heat stress),1,0,day_0,0
H2-Apo-32-B3-1,2,H2-APO-32C,H2,Apo,B3,32C (heat stress),1,3,day_3,0
H2-Apo-32-B3-1,2,H2-APO-32C,H2,Apo,B3,32C (heat stress),1,4,day_4,0
H2-Apo-32-B3-1,2,H2-APO-32C,H2,Apo,B3,32C (heat stress),1,5,day_5,0
H2-Apo-32-B3-1,2,H2-APO-32C,H2,Apo,B3,32C (heat stress),1,7,day_7,0
H2-Apo-32-B3-1,2,H2-APO-32C,H2,Apo,B3,32C (heat stress),1,10,day_10,4
H2-Apo-32-B3-1,2,H2-APO-32C,H2,Apo,B3,32C (heat stress),1,11,day_11,6
H2-Apo-32-B3-1,2,H2-APO-32C,H2,Apo,B3,32C (heat stress),1,14,day_14,6
H2-Apo-32-B3-1,2,H2-APO-32C,H2,Apo,B3,32C (heat stress),1,21,day_21,6
H2-Apo-32-B4-1,2,H2-APO-32C,H2,Apo,B4,32C (heat stress),1,0,day_0,0
H2-Apo-32-B4-1,2,H2-APO-32C,H2,Apo,B4,32C (heat stress),1,3,day_3,0
H2-Apo-32-B4-1,2,H2-APO-32C,H2,Apo,B4,32C (heat stress),1,4,day_4,1
H2-Apo-32-B4-1,2,H2-APO-32C,H2,Apo,B4,32C (heat stress),1,5,day_5,1
H2-Apo-32-B4-1,2,H2-APO-32C,H2,Apo,B4,32C (heat stress),1,7,day_7,x
H2-Apo-32-B4-1,2,H2-APO-32C,H2,Apo,B4,32C (heat stress),1,10,day_10,x
H2-Apo-32-B4-1,2,H2-APO-32C,H2,Apo,B4,32C (heat stress),1,11,day_11,x
H2-Apo-32-B4-1,2,H2-APO-32C,H2,Apo,B4,32C (heat stress),1,14,day_14,x
H2-Apo-32-B4-1,2,H2-APO-32C,H2,Apo,B4,32C (heat stress),1,21,day_21,x
H2-Apo-32-C1-1,2,H2-APO-32C,H2,Apo,C1,32C (heat stress),1,0,day_0,0
H2-Apo-32-C1-1,2,H2-APO-32C,H2,Apo,C1,32C (heat stress),1,3,day_3,x
H2-Apo-32-C1-1,2,H2-APO-32C,H2,Apo,C1,32C (heat stress),1,4,day_4,x
H2-Apo-32-C1-1,2,H2-APO-32C,H2,Apo,C1,32C (heat stress),1,5,day_5,x
H2-Apo-32-C1-1,2,H2-APO-32C,H2,Apo,C1,32C (heat stress),1,7,day_7,x
H2-Apo-32-C1-1,2,H2-APO-32C,H2,Apo,C1,32C (heat stress),1,10,day_10,x
H2-Apo-32-C1-1,2,H2-APO-32C,H2,Apo,C1,32C (heat stress),1,11,day_11,x
H2-Apo-32-C1-1,2,H2-APO-32C,H2,Apo,C1,32C (heat stress),1,14,day_14,x
H2-Apo-32-C1-1,2,H2-APO-32C,H2,Apo,C1,32C (heat stress),1,21,day_21,x
H2-Apo-32-C2-1,2,H2-APO-32C,H2,Apo,C2,32C (heat stress),1,0,day_0,0
H2-Apo-32-C2-1,2,H2-APO-32C,H2,Apo,C2,32C (heat stress),1,3,day_3,x
H2-Apo-32-C2-1,2,H2-APO-32C,H2,Apo,C2,32C (heat stress),1,4,day_4,x
H2-Apo-32-C2-1,2,H2-APO-32C,H2,Apo,C2,32C (heat stress),1,5,day_5,x
H2-Apo-32-C2-1,2,H2-APO-32C,H2,Apo,C2,32C (heat stress),1,7,day_7,x
H2-Apo-32-C2-1,2,H2-APO-32C,H2,Apo,C2,32C (heat stress),1,10,day_10,x
H2-Apo-32-C2-1,2,H2-APO-32C,H2,Apo,C2,32C (heat stress),1,11,day_11,x
H2-Apo-32-C2-1,2,H2-APO-32C,H2,Apo,C2,32C (heat stress),1,14,day_14,x
H2-Apo-32-C2-1,2,H2-APO-32C,H2,Apo,C2,32C (heat stress),1,21,day_21,x
H2-Apo-32-C3-1,2,H2-APO-32C,H2,Apo,C3,32C (heat stress),1,0,day_0,0
H2-Apo-32-C3-1,2,H2-APO-32C,H2,Apo,C3,32C (heat stress),1,3,day_3,x
H2-Apo-32-C3-1,2,H2-APO-32C,H2,Apo,C3,32C (heat stress),1,4,day_4,x
H2-Apo-32-C3-1,2,H2-APO-32C,H2,Apo,C3,32C (heat stress),1,5,day_5,x
H2-Apo-32-C3-1,2,H2-APO-32C,H2,Apo,C3,32C (heat stress),1,7,day_7,x
H2-Apo-32-C3-1,2,H2-APO-32C,H2,Apo,C3,32C (heat stress),1,10,day_10,x
H2-Apo-32-C3-1,2,H2-APO-32C,H2,Apo,C3,32C (heat stress),1,11,day_11,x
H2-Apo-32-C3-1,2,H2-APO-32C,H2,Apo,C3,32C (heat stress),1,14,day_14,x
H2-Apo-32-C3-1,2,H2-APO-32C,H2,Apo,C3,32C (heat stress),1,21,day_21,x
H2-Apo-32-C4-1,2,H2-APO-32C,H2,Apo,C4,32C (heat stress),1,0,day_0,0
H2-Apo-32-C4-1,2,H2-APO-32C,H2,Apo,C4,32C (heat stress),1,3,day_3,x
H2-Apo-32-C4-1,2,H2-APO-32C,H2,Apo,C4,32C (heat stress),1,4,day_4,x
H2-Apo-32-C4-1,2,H2-APO-32C,H2,Apo,C4,32C (heat stress),1,5,day_5,x
H2-Apo-32-C4-1,2,H2-APO-32C,H2,Apo,C4,32C (heat stress),1,7,day_7,x
H2-Apo-32-C4-1,2,H2-APO-32C,H2,Apo,C4,32C (heat stress),1,10,day_10,x
H2-Apo-32-C4-1,2,H2-APO-32C,H2,Apo,C4,32C (heat stress),1,11,day_11,x
H2-Apo-32-C4-1,2,H2-APO-32C,H2,Apo,C4,32C (heat stress),1,14,day_14,x
H2-Apo-32-C4-1,2,H2-APO-32C,H2,Apo,C4,32C (heat stress),1,21,day_21,x
H2-Ino-25-A1-1,3,H2-INOC-25C,H2,Inoc,A1,25C (ambient),1,0,day_0,0
H2-Ino-25-A1-1,3,H2-INOC-25C,H2,Inoc,A1,25C (ambient),1,3,day_3,0
H2-Ino-25-A1-1,3,H2-INOC-25C,H2,Inoc,A1,25C (ambient),1,4,day_4,0
H2-Ino-25-A1-1,3,H2-INOC-25C,H2,Inoc,A1,25C (ambient),1,5,day_5,1
H2-Ino-25-A1-1,3,H2-INOC-25C,H2,Inoc,A1,25C (ambient),1,7,day_7,5
H2-Ino-25-A1-1,3,H2-INOC-25C,H2,Inoc,A1,25C (ambient),1,10,day_10,7
H2-Ino-25-A1-1,3,H2-INOC-25C,H2,Inoc,A1,25C (ambient),1,11,day_11,7
H2-Ino-25-A1-1,3,H2-INOC-25C,H2,Inoc,A1,25C (ambient),1,14,day_14,7
H2-Ino-25-A1-1,3,H2-INOC-25C,H2,Inoc,A1,25C (ambient),1,21,day_21,7
H2-Ino-25-A2-1,3,H2-INOC-25C,H2,Inoc,A2,25C (ambient),1,0,day_0,0
H2-Ino-25-A2-1,3,H2-INOC-25C,H2,Inoc,A2,25C (ambient),1,3,day_3,0
H2-Ino-25-A2-1,3,H2-INOC-25C,H2,Inoc,A2,25C (ambient),1,4,day_4,0
H2-Ino-25-A2-1,3,H2-INOC-25C,H2,Inoc,A2,25C (ambient),1,5,day_5,0
H2-Ino-25-A2-1,3,H2-INOC-25C,H2,Inoc,A2,25C (ambient),1,7,day_7,0
H2-Ino-25-A2-1,3,H2-INOC-25C,H2,Inoc,A2,25C (ambient),1,10,day_10,x
H2-Ino-25-A2-1,3,H2-INOC-25C,H2,Inoc,A2,25C (ambient),1,11,day_11,x
H2-Ino-25-A2-1,3,H2-INOC-25C,H2,Inoc,A2,25C (ambient),1,14,day_14,x
H2-Ino-25-A2-1,3,H2-INOC-25C,H2,Inoc,A2,25C (ambient),1,21,day_21,x
H2-Ino-25-A3-1,3,H2-INOC-25C,H2,Inoc,A3,25C (ambient),1,0,day_0,0
H2-Ino-25-A3-1,3,H2-INOC-25C,H2,Inoc,A3,25C (ambient),1,3,day_3,x
H2-Ino-25-A3-1,3,H2-INOC-25C,H2,Inoc,A3,25C (ambient),1,4,day_4,x
H2-Ino-25-A3-1,3,H2-INOC-25C,H2,Inoc,A3,25C (ambient),1,5,day_5,x
H2-Ino-25-A3-1,3,H2-INOC-25C,H2,Inoc,A3,25C (ambient),1,7,day_7,x
H2-Ino-25-A3-1,3,H2-INOC-25C,H2,Inoc,A3,25C (ambient),1,10,day_10,x
H2-Ino-25-A3-1,3,H2-INOC-25C,H2,Inoc,A3,25C (ambient),1,11,day_11,x
H2-Ino-25-A3-1,3,H2-INOC-25C,H2,Inoc,A3,25C (ambient),1,14,day_14,x
H2-Ino-25-A3-1,3,H2-INOC-25C,H2,Inoc,A3,25C (ambient),1,21,day_21,x
H2-Ino-25-A4-1,3,H2-INOC-25C,H2,Inoc,A4,25C (ambient),1,0,day_0,0
H2-Ino-25-A4-1,3,H2-INOC-25C,H2,Inoc,A4,25C (ambient),1,3,day_3,0
H2-Ino-25-A4-1,3,H2-INOC-25C,H2,Inoc,A4,25C (ambient),1,4,day_4,0
H2-Ino-25-A4-1,3,H2-INOC-25C,H2,Inoc,A4,25C (ambient),1,5,day_5,4
H2-Ino-25-A4-1,3,H2-INOC-25C,H2,Inoc,A4,25C (ambient),1,7,day_7,9
H2-Ino-25-A4-1,3,H2-INOC-25C,H2,Inoc,A4,25C (ambient),1,10,day_10,10
H2-Ino-25-A4-1,3,H2-INOC-25C,H2,Inoc,A4,25C (ambient),1,11,day_11,10
H2-Ino-25-A4-1,3,H2-INOC-25C,H2,Inoc,A4,25C (ambient),1,14,day_14,11
H2-Ino-25-A4-1,3,H2-INOC-25C,H2,Inoc,A4,25C (ambient),1,21,day_21,12
H2-Ino-25-B1-1,3,H2-INOC-25C,H2,Inoc,B1,25C (ambient),1,0,day_0,0
H2-Ino-25-B1-1,3,H2-INOC-25C,H2,Inoc,B1,25C (ambient),1,3,day_3,0
H2-Ino-25-B1-1,3,H2-INOC-25C,H2,Inoc,B1,25C (ambient),1,4,day_4,0
H2-Ino-25-B1-1,3,H2-INOC-25C,H2,Inoc,B1,25C (ambient),1,5,day_5,4
H2-Ino-25-B1-1,3,H2-INOC-25C,H2,Inoc,B1,25C (ambient),1,7,day_7,8
H2-Ino-25-B1-1,3,H2-INOC-25C,H2,Inoc,B1,25C (ambient),1,10,day_10,9
H2-Ino-25-B1-1,3,H2-INOC-25C,H2,Inoc,B1,25C (ambient),1,11,day_11,9
H2-Ino-25-B1-1,3,H2-INOC-25C,H2,Inoc,B1,25C (ambient),1,14,day_14,9
H2-Ino-25-B1-1,3,H2-INOC-25C,H2,Inoc,B1,25C (ambient),1,21,day_21,12
H2-Ino-25-B2-1,3,H2-INOC-25C,H2,Inoc,B2,25C (ambient),1,0,day_0,0
H2-Ino-25-B2-1,3,H2-INOC-25C,H2,Inoc,B2,25C (ambient),1,3,day_3,0
H2-Ino-25-B2-1,3,H2-INOC-25C,H2,Inoc,B2,25C (ambient),1,4,day_4,0
H2-Ino-25-B2-1,3,H2-INOC-25C,H2,Inoc,B2,25C (ambient),1,5,day_5,6
H2-Ino-25-B2-1,3,H2-INOC-25C,H2,Inoc,B2,25C (ambient),1,7,day_7,3
H2-Ino-25-B2-1,3,H2-INOC-25C,H2,Inoc,B2,25C (ambient),1,10,day_10,12
H2-Ino-25-B2-1,3,H2-INOC-25C,H2,Inoc,B2,25C (ambient),1,11,day_11,12
H2-Ino-25-B2-1,3,H2-INOC-25C,H2,Inoc,B2,25C (ambient),1,14,day_14,12
H2-Ino-25-B2-1,3,H2-INOC-25C,H2,Inoc,B2,25C (ambient),1,21,day_21,12
H2-Ino-25-B3-1,3,H2-INOC-25C,H2,Inoc,B3,25C (ambient),1,0,day_0,0
H2-Ino-25-B3-1,3,H2-INOC-25C,H2,Inoc,B3,25C (ambient),1,3,day_3,0
H2-Ino-25-B3-1,3,H2-INOC-25C,H2,Inoc,B3,25C (ambient),1,4,day_4,1
H2-Ino-25-B3-1,3,H2-INOC-25C,H2,Inoc,B3,25C (ambient),1,5,day_5,4
H2-Ino-25-B3-1,3,H2-INOC-25C,H2,Inoc,B3,25C (ambient),1,7,day_7,8
H2-Ino-25-B3-1,3,H2-INOC-25C,H2,Inoc,B3,25C (ambient),1,10,day_10,7
H2-Ino-25-B3-1,3,H2-INOC-25C,H2,Inoc,B3,25C (ambient),1,11,day_11,8
H2-Ino-25-B3-1,3,H2-INOC-25C,H2,Inoc,B3,25C (ambient),1,14,day_14,8
H2-Ino-25-B3-1,3,H2-INOC-25C,H2,Inoc,B3,25C (ambient),1,21,day_21,8
H2-Ino-25-B4-1,3,H2-INOC-25C,H2,Inoc,B4,25C (ambient),1,0,day_0,0
H2-Ino-25-B4-1,3,H2-INOC-25C,H2,Inoc,B4,25C (ambient),1,3,day_3,0
H2-Ino-25-B4-1,3,H2-INOC-25C,H2,Inoc,B4,25C (ambient),1,4,day_4,1
H2-Ino-25-B4-1,3,H2-INOC-25C,H2,Inoc,B4,25C (ambient),1,5,day_5,2
H2-Ino-25-B4-1,3,H2-INOC-25C,H2,Inoc,B4,25C (ambient),1,7,day_7,4
H2-Ino-25-B4-1,3,H2-INOC-25C,H2,Inoc,B4,25C (ambient),1,10,day_10,10
H2-Ino-25-B4-1,3,H2-INOC-25C,H2,Inoc,B4,25C (ambient),1,11,day_11,10
H2-Ino-25-B4-1,3,H2-INOC-25C,H2,Inoc,B4,25C (ambient),1,14,day_14,12
H2-Ino-25-B4-1,3,H2-INOC-25C,H2,Inoc,B4,25C (ambient),1,21,day_21,14
H2-Ino-25-B4-2,3,H2-INOC-25C,H2,Inoc,B4,25C (ambient),2,0,day_0,0
H2-Ino-25-B4-2,3,H2-INOC-25C,H2,Inoc,B4,25C (ambient),2,3,day_3,0
H2-Ino-25-B4-2,3,H2-INOC-25C,H2,Inoc,B4,25C (ambient),2,4,day_4,1
H2-Ino-25-B4-2,3,H2-INOC-25C,H2,Inoc,B4,25C (ambient),2,5,day_5,0
H2-Ino-25-B4-2,3,H2-INOC-25C,H2,Inoc,B4,25C (ambient),2,7,day_7,5
H2-Ino-25-B4-2,3,H2-INOC-25C,H2,Inoc,B4,25C (ambient),2,10,day_10,7
H2-Ino-25-B4-2,3,H2-INOC-25C,H2,Inoc,B4,25C (ambient),2,11,day_11,8
H2-Ino-25-B4-2,3,H2-INOC-25C,H2,Inoc,B4,25C (ambient),2,14,day_14,8
H2-Ino-25-B4-2,3,H2-INOC-25C,H2,Inoc,B4,25C (ambient),2,21,day_21,9
H2-Ino-25-C1-1,3,H2-INOC-25C,H2,Inoc,C1,25C (ambient),1,0,day_0,0
H2-Ino-25-C1-1,3,H2-INOC-25C,H2,Inoc,C1,25C (ambient),1,3,day_3,0
H2-Ino-25-C1-1,3,H2-INOC-25C,H2,Inoc,C1,25C (ambient),1,4,day_4,0
H2-Ino-25-C1-1,3,H2-INOC-25C,H2,Inoc,C1,25C (ambient),1,5,day_5,1
H2-Ino-25-C1-1,3,H2-INOC-25C,H2,Inoc,C1,25C (ambient),1,7,day_7,4
H2-Ino-25-C1-1,3,H2-INOC-25C,H2,Inoc,C1,25C (ambient),1,10,day_10,7
H2-Ino-25-C1-1,3,H2-INOC-25C,H2,Inoc,C1,25C (ambient),1,11,day_11,7
H2-Ino-25-C1-1,3,H2-INOC-25C,H2,Inoc,C1,25C (ambient),1,14,day_14,9
H2-Ino-25-C1-1,3,H2-INOC-25C,H2,Inoc,C1,25C (ambient),1,21,day_21,10
H2-Ino-25-C2-1,3,H2-INOC-25C,H2,Inoc,C2,25C (ambient),1,0,day_0,0
H2-Ino-25-C2-1,3,H2-INOC-25C,H2,Inoc,C2,25C (ambient),1,3,day_3,0
H2-Ino-25-C2-1,3,H2-INOC-25C,H2,Inoc,C2,25C (ambient),1,4,day_4,0
H2-Ino-25-C2-1,3,H2-INOC-25C,H2,Inoc,C2,25C (ambient),1,5,day_5,4
H2-Ino-25-C2-1,3,H2-INOC-25C,H2,Inoc,C2,25C (ambient),1,7,day_7,x
H2-Ino-25-C2-1,3,H2-INOC-25C,H2,Inoc,C2,25C (ambient),1,10,day_10,x
H2-Ino-25-C2-1,3,H2-INOC-25C,H2,Inoc,C2,25C (ambient),1,11,day_11,x
H2-Ino-25-C2-1,3,H2-INOC-25C,H2,Inoc,C2,25C (ambient),1,14,day_14,x
H2-Ino-25-C2-1,3,H2-INOC-25C,H2,Inoc,C2,25C (ambient),1,21,day_21,x
H2-Ino-25-C3-1,3,H2-INOC-25C,H2,Inoc,C3,25C (ambient),1,0,day_0,0
H2-Ino-25-C3-1,3,H2-INOC-25C,H2,Inoc,C3,25C (ambient),1,3,day_3,1
H2-Ino-25-C3-1,3,H2-INOC-25C,H2,Inoc,C3,25C (ambient),1,4,day_4,0
H2-Ino-25-C3-1,3,H2-INOC-25C,H2,Inoc,C3,25C (ambient),1,5,day_5,0
H2-Ino-25-C3-1,3,H2-INOC-25C,H2,Inoc,C3,25C (ambient),1,7,day_7,x
H2-Ino-25-C3-1,3,H2-INOC-25C,H2,Inoc,C3,25C (ambient),1,10,day_10,x
H2-Ino-25-C3-1,3,H2-INOC-25C,H2,Inoc,C3,25C (ambient),1,11,day_11,x
H2-Ino-25-C3-1,3,H2-INOC-25C,H2,Inoc,C3,25C (ambient),1,14,day_14,x
H2-Ino-25-C3-1,3,H2-INOC-25C,H2,Inoc,C3,25C (ambient),1,21,day_21,x
H2-Ino-25-C4-1,3,H2-INOC-25C,H2,Inoc,C4,25C (ambient),1,0,day_0,0
H2-Ino-25-C4-1,3,H2-INOC-25C,H2,Inoc,C4,25C (ambient),1,3,day_3,0
H2-Ino-25-C4-1,3,H2-INOC-25C,H2,Inoc,C4,25C (ambient),1,4,day_4,1
H2-Ino-25-C4-1,3,H2-INOC-25C,H2,Inoc,C4,25C (ambient),1,5,day_5,1
H2-Ino-25-C4-1,3,H2-INOC-25C,H2,Inoc,C4,25C (ambient),1,7,day_7,5
H2-Ino-25-C4-1,3,H2-INOC-25C,H2,Inoc,C4,25C (ambient),1,10,day_10,14
H2-Ino-25-C4-1,3,H2-INOC-25C,H2,Inoc,C4,25C (ambient),1,11,day_11,15
H2-Ino-25-C4-1,3,H2-INOC-25C,H2,Inoc,C4,25C (ambient),1,14,day_14,15
H2-Ino-25-C4-1,3,H2-INOC-25C,H2,Inoc,C4,25C (ambient),1,21,day_21,15
H2-Ino-32-A1-1,4,H2-INOC-32C,H2,Inoc,A1,32C (heat stress),1,0,day_0,0
H2-Ino-32-A1-1,4,H2-INOC-32C,H2,Inoc,A1,32C (heat stress),1,3,day_3,x
H2-Ino-32-A1-1,4,H2-INOC-32C,H2,Inoc,A1,32C (heat stress),1,4,day_4,x
H2-Ino-32-A1-1,4,H2-INOC-32C,H2,Inoc,A1,32C (heat stress),1,5,day_5,x
H2-Ino-32-A1-1,4,H2-INOC-32C,H2,Inoc,A1,32C (heat stress),1,7,day_7,x
H2-Ino-32-A1-1,4,H2-INOC-32C,H2,Inoc,A1,32C (heat stress),1,10,day_10,x
H2-Ino-32-A1-1,4,H2-INOC-32C,H2,Inoc,A1,32C (heat stress),1,11,day_11,x
H2-Ino-32-A1-1,4,H2-INOC-32C,H2,Inoc,A1,32C (heat stress),1,14,day_14,x
H2-Ino-32-A1-1,4,H2-INOC-32C,H2,Inoc,A1,32C (heat stress),1,21,day_21,x
H2-Ino-32-A2-1,4,H2-INOC-32C,H2,Inoc,A2,32C (heat stress),1,0,day_0,0
H2-Ino-32-A2-1,4,H2-INOC-32C,H2,Inoc,A2,32C (heat stress),1,3,day_3,x
H2-Ino-32-A2-1,4,H2-INOC-32C,H2,Inoc,A2,32C (heat stress),1,4,day_4,x
H2-Ino-32-A2-1,4,H2-INOC-32C,H2,Inoc,A2,32C (heat stress),1,5,day_5,x
H2-Ino-32-A2-1,4,H2-INOC-32C,H2,Inoc,A2,32C (heat stress),1,7,day_7,x
H2-Ino-32-A2-1,4,H2-INOC-32C,H2,Inoc,A2,32C (heat stress),1,10,day_10,x
H2-Ino-32-A2-1,4,H2-INOC-32C,H2,Inoc,A2,32C (heat stress),1,11,day_11,x
H2-Ino-32-A2-1,4,H2-INOC-32C,H2,Inoc,A2,32C (heat stress),1,14,day_14,x
H2-Ino-32-A2-1,4,H2-INOC-32C,H2,Inoc,A2,32C (heat stress),1,21,day_21,x
H2-Ino-32-A3-1,4,H2-INOC-32C,H2,Inoc,A3,32C (heat stress),1,0,day_0,0
H2-Ino-32-A3-1,4,H2-INOC-32C,H2,Inoc,A3,32C (heat stress),1,3,day_3,x
H2-Ino-32-A3-1,4,H2-INOC-32C,H2,Inoc,A3,32C (heat stress),1,4,day_4,x
H2-Ino-32-A3-1,4,H2-INOC-32C,H2,Inoc,A3,32C (heat stress),1,5,day_5,x
H2-Ino-32-A3-1,4,H2-INOC-32C,H2,Inoc,A3,32C (heat stress),1,7,day_7,x
H2-Ino-32-A3-1,4,H2-INOC-32C,H2,Inoc,A3,32C (heat stress),1,10,day_10,x
H2-Ino-32-A3-1,4,H2-INOC-32C,H2,Inoc,A3,32C (heat stress),1,11,day_11,x
H2-Ino-32-A3-1,4,H2-INOC-32C,H2,Inoc,A3,32C (heat stress),1,14,day_14,x
H2-Ino-32-A3-1,4,H2-INOC-32C,H2,Inoc,A3,32C (heat stress),1,21,day_21,x
H2-Ino-32-A4-1,4,H2-INOC-32C,H2,Inoc,A4,32C (heat stress),1,0,day_0,0
H2-Ino-32-A4-1,4,H2-INOC-32C,H2,Inoc,A4,32C (heat stress),1,3,day_3,x
H2-Ino-32-A4-1,4,H2-INOC-32C,H2,Inoc,A4,32C (heat stress),1,4,day_4,x
H2-Ino-32-A4-1,4,H2-INOC-32C,H2,Inoc,A4,32C (heat stress),1,5,day_5,x
H2-Ino-32-A4-1,4,H2-INOC-32C,H2,Inoc,A4,32C (heat stress),1,7,day_7,x
H2-Ino-32-A4-1,4,H2-INOC-32C,H2,Inoc,A4,32C (heat stress),1,10,day_10,x
H2-Ino-32-A4-1,4,H2-INOC-32C,H2,Inoc,A4,32C (heat stress),1,11,day_11,x
H2-Ino-32-A4-1,4,H2-INOC-32C,H2,Inoc,A4,32C (heat stress),1,14,day_14,x
H2-Ino-32-A4-1,4,H2-INOC-32C,H2,Inoc,A4,32C (heat stress),1,21,day_21,x
H2-Ino-32-B1-1,4,H2-INOC-32C,H2,Inoc,B1,32C (heat stress),1,0,day_0,0
H2-Ino-32-B1-1,4,H2-INOC-32C,H2,Inoc,B1,32C (heat stress),1,3,day_3,0
H2-Ino-32-B1-1,4,H2-INOC-32C,H2,Inoc,B1,32C (heat stress),1,4,day_4,0
H2-Ino-32-B1-1,4,H2-INOC-32C,H2,Inoc,B1,32C (heat stress),1,5,day_5,0
H2-Ino-32-B1-1,4,H2-INOC-32C,H2,Inoc,B1,32C (heat stress),1,7,day_7,x
H2-Ino-32-B1-1,4,H2-INOC-32C,H2,Inoc,B1,32C (heat stress),1,10,day_10,x
H2-Ino-32-B1-1,4,H2-INOC-32C,H2,Inoc,B1,32C (heat stress),1,11,day_11,x
H2-Ino-32-B1-1,4,H2-INOC-32C,H2,Inoc,B1,32C (heat stress),1,14,day_14,x
H2-Ino-32-B1-1,4,H2-INOC-32C,H2,Inoc,B1,32C (heat stress),1,21,day_21,x
H2-Ino-32-B2-1,4,H2-INOC-32C,H2,Inoc,B2,32C (heat stress),1,0,day_0,0
H2-Ino-32-B2-1,4,H2-INOC-32C,H2,Inoc,B2,32C (heat stress),1,3,day_3,0
H2-Ino-32-B2-1,4,H2-INOC-32C,H2,Inoc,B2,32C (heat stress),1,4,day_4,0
H2-Ino-32-B2-1,4,H2-INOC-32C,H2,Inoc,B2,32C (heat stress),1,5,day_5,7
H2-Ino-32-B2-1,4,H2-INOC-32C,H2,Inoc,B2,32C (heat stress),1,7,day_7,8
H2-Ino-32-B2-1,4,H2-INOC-32C,H2,Inoc,B2,32C (heat stress),1,10,day_10,8
H2-Ino-32-B2-1,4,H2-INOC-32C,H2,Inoc,B2,32C (heat stress),1,11,day_11,8
H2-Ino-32-B2-1,4,H2-INOC-32C,H2,Inoc,B2,32C (heat stress),1,14,day_14,8
H2-Ino-32-B2-1,4,H2-INOC-32C,H2,Inoc,B2,32C (heat stress),1,21,day_21,8
H2-Ino-32-B3-1,4,H2-INOC-32C,H2,Inoc,B3,32C (heat stress),1,0,day_0,0
H2-Ino-32-B3-1,4,H2-INOC-32C,H2,Inoc,B3,32C (heat stress),1,3,day_3,1
H2-Ino-32-B3-1,4,H2-INOC-32C,H2,Inoc,B3,32C (heat stress),1,4,day_4,1
H2-Ino-32-B3-1,4,H2-INOC-32C,H2,Inoc,B3,32C (heat stress),1,5,day_5,9
H2-Ino-32-B3-1,4,H2-INOC-32C,H2,Inoc,B3,32C (heat stress),1,7,day_7,10
H2-Ino-32-B3-1,4,H2-INOC-32C,H2,Inoc,B3,32C (heat stress),1,10,day_10,10
H2-Ino-32-B3-1,4,H2-INOC-32C,H2,Inoc,B3,32C (heat stress),1,11,day_11,10
H2-Ino-32-B3-1,4,H2-INOC-32C,H2,Inoc,B3,32C (heat stress),1,14,day_14,10
H2-Ino-32-B3-1,4,H2-INOC-32C,H2,Inoc,B3,32C (heat stress),1,21,day_21,10
H2-Ino-32-B4-1,4,H2-INOC-32C,H2,Inoc,B4,32C (heat stress),1,0,day_0,0
H2-Ino-32-B4-1,4,H2-INOC-32C,H2,Inoc,B4,32C (heat stress),1,3,day_3,0
H2-Ino-32-B4-1,4,H2-INOC-32C,H2,Inoc,B4,32C (heat stress),1,4,day_4,0
H2-Ino-32-B4-1,4,H2-INOC-32C,H2,Inoc,B4,32C (heat stress),1,5,day_5,7
H2-Ino-32-B4-1,4,H2-INOC-32C,H2,Inoc,B4,32C (heat stress),1,7,day_7,10
H2-Ino-32-B4-1,4,H2-INOC-32C,H2,Inoc,B4,32C (heat stress),1,10,day_10,9
H2-Ino-32-B4-1,4,H2-INOC-32C,H2,Inoc,B4,32C (heat stress),1,11,day_11,9
H2-Ino-32-B4-1,4,H2-INOC-32C,H2,Inoc,B4,32C (heat stress),1,14,day_14,9
H2-Ino-32-B4-1,4,H2-INOC-32C,H2,Inoc,B4,32C (heat stress),1,21,day_21,9
H2-Ino-32-C1-1,4,H2-INOC-32C,H2,Inoc,C1,32C (heat stress),1,0,day_0,0
H2-Ino-32-C1-1,4,H2-INOC-32C,H2,Inoc,C1,32C (heat stress),1,3,day_3,0
H2-Ino-32-C1-1,4,H2-INOC-32C,H2,Inoc,C1,32C (heat stress),1,4,day_4,4
H2-Ino-32-C1-1,4,H2-INOC-32C,H2,Inoc,C1,32C (heat stress),1,5,day_5,6
H2-Ino-32-C1-1,4,H2-INOC-32C,H2,Inoc,C1,32C (heat stress),1,7,day_7,6
H2-Ino-32-C1-1,4,H2-INOC-32C,H2,Inoc,C1,32C (heat stress),1,10,day_10,6
H2-Ino-32-C1-1,4,H2-INOC-32C,H2,Inoc,C1,32C (heat stress),1,11,day_11,6
H2-Ino-32-C1-1,4,H2-INOC-32C,H2,Inoc,C1,32C (heat stress),1,14,day_14,6
H2-Ino-32-C1-1,4,H2-INOC-32C,H2,Inoc,C1,32C (heat stress),1,21,day_21,6
H2-Ino-32-C2-1,4,H2-INOC-32C,H2,Inoc,C2,32C (heat stress),1,0,day_0,0
H2-Ino-32-C2-1,4,H2-INOC-32C,H2,Inoc,C2,32C (heat stress),1,3,day_3,x
H2-Ino-32-C2-1,4,H2-INOC-32C,H2,Inoc,C2,32C (heat stress),1,4,day_4,x
H2-Ino-32-C2-1,4,H2-INOC-32C,H2,Inoc,C2,32C (heat stress),1,5,day_5,x
H2-Ino-32-C2-1,4,H2-INOC-32C,H2,Inoc,C2,32C (heat stress),1,7,day_7,x
H2-Ino-32-C2-1,4,H2-INOC-32C,H2,Inoc,C2,32C (heat stress),1,10,day_10,x
H2-Ino-32-C2-1,4,H2-INOC-32C,H2,Inoc,C2,32C (heat stress),1,11,day_11,x
H2-Ino-32-C2-1,4,H2-INOC-32C,H2,Inoc,C2,32C (heat stress),1,14,day_14,x
H2-Ino-32-C2-1,4,H2-INOC-32C,H2,Inoc,C2,32C (heat stress),1,21,day_21,x
H2-Ino-32-C3-1,4,H2-INOC-32C,H2,Inoc,C3,32C (heat stress),1,0,day_0,0
H2-Ino-32-C3-1,4,H2-INOC-32C,H2,Inoc,C3,32C (heat stress),1,3,day_3,0
H2-Ino-32-C3-1,4,H2-INOC-32C,H2,Inoc,C3,32C (heat stress),1,4,day_4,7
H2-Ino-32-C3-1,4,H2-INOC-32C,H2,Inoc,C3,32C (heat stress),1,5,day_5,13
H2-Ino-32-C3-1,4,H2-INOC-32C,H2,Inoc,C3,32C (heat stress),1,7,day_7,14
H2-Ino-32-C3-1,4,H2-INOC-32C,H2,Inoc,C3,32C (heat stress),1,10,day_10,14
H2-Ino-32-C3-1,4,H2-INOC-32C,H2,Inoc,C3,32C (heat stress),1,11,day_11,14
H2-Ino-32-C3-1,4,H2-INOC-32C,H2,Inoc,C3,32C (heat stress),1,14,day_14,14
H2-Ino-32-C3-1,4,H2-INOC-32C,H2,Inoc,C3,32C (heat stress),1,21,day_21,14
H2-Ino-32-C4-1,4,H2-INOC-32C,H2,Inoc,C4,32C (heat stress),1,0,day_0,0
H2-Ino-32-C4-1,4,H2-INOC-32C,H2,Inoc,C4,32C (heat stress),1,3,day_3,0
H2-Ino-32-C4-1,4,H2-INOC-32C,H2,Inoc,C4,32C (heat stress),1,4,day_4,0
H2-Ino-32-C4-1,4,H2-INOC-32C,H2,Inoc,C4,32C (heat stress),1,5,day_5,0
H2-Ino-32-C4-1,4,H2-INOC-32C,H2,Inoc,C4,32C (heat stress),1,7,day_7,4
H2-Ino-32-C4-1,4,H2-INOC-32C,H2,Inoc,C4,32C (heat stress),1,10,day_10,9
H2-Ino-32-C4-1,4,H2-INOC-32C,H2,Inoc,C4,32C (heat stress),1,11,day_11,9
H2-Ino-32-C4-1,4,H2-INOC-32C,H2,Inoc,C4,32C (heat stress),1,14,day_14,12
H2-Ino-32-C4-1,4,H2-INOC-32C,H2,Inoc,C4,32C (heat stress),1,21,day_21,12
H2-Sym-25-A1-1,5,H2-SYM-25C,H2,Sym,A1,25C (ambient),1,0,day_0,0
H2-Sym-25-A1-1,5,H2-SYM-25C,H2,Sym,A1,25C (ambient),1,3,day_3,0
H2-Sym-25-A1-1,5,H2-SYM-25C,H2,Sym,A1,25C (ambient),1,4,day_4,0
H2-Sym-25-A1-1,5,H2-SYM-25C,H2,Sym,A1,25C (ambient),1,5,day_5,0
H2-Sym-25-A1-1,5,H2-SYM-25C,H2,Sym,A1,25C (ambient),1,7,day_7,3
H2-Sym-25-A1-1,5,H2-SYM-25C,H2,Sym,A1,25C (ambient),1,10,day_10,9
H2-Sym-25-A1-1,5,H2-SYM-25C,H2,Sym,A1,25C (ambient),1,11,day_11,11
H2-Sym-25-A1-1,5,H2-SYM-25C,H2,Sym,A1,25C (ambient),1,14,day_14,12
H2-Sym-25-A1-1,5,H2-SYM-25C,H2,Sym,A1,25C (ambient),1,21,day_21,12
H2-Sym-25-A1-2,5,H2-SYM-25C,H2,Sym,A1,25C (ambient),2,0,day_0,0
H2-Sym-25-A1-2,5,H2-SYM-25C,H2,Sym,A1,25C (ambient),2,3,day_3,0
H2-Sym-25-A1-2,5,H2-SYM-25C,H2,Sym,A1,25C (ambient),2,4,day_4,0
H2-Sym-25-A1-2,5,H2-SYM-25C,H2,Sym,A1,25C (ambient),2,5,day_5,0
H2-Sym-25-A1-2,5,H2-SYM-25C,H2,Sym,A1,25C (ambient),2,7,day_7,0
H2-Sym-25-A1-2,5,H2-SYM-25C,H2,Sym,A1,25C (ambient),2,10,day_10,0
H2-Sym-25-A1-2,5,H2-SYM-25C,H2,Sym,A1,25C (ambient),2,11,day_11,x
H2-Sym-25-A1-2,5,H2-SYM-25C,H2,Sym,A1,25C (ambient),2,14,day_14,x
H2-Sym-25-A1-2,5,H2-SYM-25C,H2,Sym,A1,25C (ambient),2,21,day_21,x
H2-Sym-25-A2-1,5,H2-SYM-25C,H2,Sym,A2,25C (ambient),1,0,day_0,0
H2-Sym-25-A2-1,5,H2-SYM-25C,H2,Sym,A2,25C (ambient),1,3,day_3,0
H2-Sym-25-A2-1,5,H2-SYM-25C,H2,Sym,A2,25C (ambient),1,4,day_4,0
H2-Sym-25-A2-1,5,H2-SYM-25C,H2,Sym,A2,25C (ambient),1,5,day_5,0
H2-Sym-25-A2-1,5,H2-SYM-25C,H2,Sym,A2,25C (ambient),1,7,day_7,0
H2-Sym-25-A2-1,5,H2-SYM-25C,H2,Sym,A2,25C (ambient),1,10,day_10,0
H2-Sym-25-A2-1,5,H2-SYM-25C,H2,Sym,A2,25C (ambient),1,11,day_11,8
H2-Sym-25-A2-1,5,H2-SYM-25C,H2,Sym,A2,25C (ambient),1,14,day_14,11
H2-Sym-25-A2-1,5,H2-SYM-25C,H2,Sym,A2,25C (ambient),1,21,day_21,13
H2-Sym-25-A2-2,5,H2-SYM-25C,H2,Sym,A2,25C (ambient),2,0,day_0,0
H2-Sym-25-A2-2,5,H2-SYM-25C,H2,Sym,A2,25C (ambient),2,3,day_3,0
H2-Sym-25-A2-2,5,H2-SYM-25C,H2,Sym,A2,25C (ambient),2,4,day_4,0
H2-Sym-25-A2-2,5,H2-SYM-25C,H2,Sym,A2,25C (ambient),2,5,day_5,0
H2-Sym-25-A2-2,5,H2-SYM-25C,H2,Sym,A2,25C (ambient),2,7,day_7,0
H2-Sym-25-A2-2,5,H2-SYM-25C,H2,Sym,A2,25C (ambient),2,10,day_10,0
H2-Sym-25-A2-2,5,H2-SYM-25C,H2,Sym,A2,25C (ambient),2,11,day_11,x
H2-Sym-25-A2-2,5,H2-SYM-25C,H2,Sym,A2,25C (ambient),2,14,day_14,x
H2-Sym-25-A2-2,5,H2-SYM-25C,H2,Sym,A2,25C (ambient),2,21,day_21,x
H2-Sym-25-A3-1,5,H2-SYM-25C,H2,Sym,A3,25C (ambient),1,0,day_0,0
H2-Sym-25-A3-1,5,H2-SYM-25C,H2,Sym,A3,25C (ambient),1,3,day_3,0
H2-Sym-25-A3-1,5,H2-SYM-25C,H2,Sym,A3,25C (ambient),1,4,day_4,0
H2-Sym-25-A3-1,5,H2-SYM-25C,H2,Sym,A3,25C (ambient),1,5,day_5,0
H2-Sym-25-A3-1,5,H2-SYM-25C,H2,Sym,A3,25C (ambient),1,7,day_7,0
H2-Sym-25-A3-1,5,H2-SYM-25C,H2,Sym,A3,25C (ambient),1,10,day_10,0
H2-Sym-25-A3-1,5,H2-SYM-25C,H2,Sym,A3,25C (ambient),1,11,day_11,x
H2-Sym-25-A3-1,5,H2-SYM-25C,H2,Sym,A3,25C (ambient),1,14,day_14,x
H2-Sym-25-A3-1,5,H2-SYM-25C,H2,Sym,A3,25C (ambient),1,21,day_21,x
H2-Sym-25-A3-2,5,H2-SYM-25C,H2,Sym,A3,25C (ambient),2,0,day_0,0
H2-Sym-25-A3-2,5,H2-SYM-25C,H2,Sym,A3,25C (ambient),2,3,day_3,0
H2-Sym-25-A3-2,5,H2-SYM-25C,H2,Sym,A3,25C (ambient),2,4,day_4,0
H2-Sym-25-A3-2,5,H2-SYM-25C,H2,Sym,A3,25C (ambient),2,5,day_5,0
H2-Sym-25-A3-2,5,H2-SYM-25C,H2,Sym,A3,25C (ambient),2,7,day_7,0
H2-Sym-25-A3-2,5,H2-SYM-25C,H2,Sym,A3,25C (ambient),2,10,day_10,0
H2-Sym-25-A3-2,5,H2-SYM-25C,H2,Sym,A3,25C (ambient),2,11,day_11,x
H2-Sym-25-A3-2,5,H2-SYM-25C,H2,Sym,A3,25C (ambient),2,14,day_14,x
H2-Sym-25-A3-2,5,H2-SYM-25C,H2,Sym,A3,25C (ambient),2,21,day_21,x
H2-Sym-25-A4-1,5,H2-SYM-25C,H2,Sym,A4,25C (ambient),1,0,day_0,0
H2-Sym-25-A4-1,5,H2-SYM-25C,H2,Sym,A4,25C (ambient),1,3,day_3,0
H2-Sym-25-A4-1,5,H2-SYM-25C,H2,Sym,A4,25C (ambient),1,4,day_4,0
H2-Sym-25-A4-1,5,H2-SYM-25C,H2,Sym,A4,25C (ambient),1,5,day_5,0
H2-Sym-25-A4-1,5,H2-SYM-25C,H2,Sym,A4,25C (ambient),1,7,day_7,6
H2-Sym-25-A4-1,5,H2-SYM-25C,H2,Sym,A4,25C (ambient),1,10,day_10,10
H2-Sym-25-A4-1,5,H2-SYM-25C,H2,Sym,A4,25C (ambient),1,11,day_11,10
H2-Sym-25-A4-1,5,H2-SYM-25C,H2,Sym,A4,25C (ambient),1,14,day_14,10
H2-Sym-25-A4-1,5,H2-SYM-25C,H2,Sym,A4,25C (ambient),1,21,day_21,10
H2-Sym-25-A4-2,5,H2-SYM-25C,H2,Sym,A4,25C (ambient),2,0,day_0,0
H2-Sym-25-A4-2,5,H2-SYM-25C,H2,Sym,A4,25C (ambient),2,3,day_3,0
H2-Sym-25-A4-2,5,H2-SYM-25C,H2,Sym,A4,25C (ambient),2,4,day_4,0
H2-Sym-25-A4-2,5,H2-SYM-25C,H2,Sym,A4,25C (ambient),2,5,day_5,0
H2-Sym-25-A4-2,5,H2-SYM-25C,H2,Sym,A4,25C (ambient),2,7,day_7,0
H2-Sym-25-A4-2,5,H2-SYM-25C,H2,Sym,A4,25C (ambient),2,10,day_10,0
H2-Sym-25-A4-2,5,H2-SYM-25C,H2,Sym,A4,25C (ambient),2,11,day_11,x
H2-Sym-25-A4-2,5,H2-SYM-25C,H2,Sym,A4,25C (ambient),2,14,day_14,x
H2-Sym-25-A4-2,5,H2-SYM-25C,H2,Sym,A4,25C (ambient),2,21,day_21,x
H2-Sym-25-B1-1,5,H2-SYM-25C,H2,Sym,B1,25C (ambient),1,0,day_0,0
H2-Sym-25-B1-1,5,H2-SYM-25C,H2,Sym,B1,25C (ambient),1,3,day_3,0
H2-Sym-25-B1-1,5,H2-SYM-25C,H2,Sym,B1,25C (ambient),1,4,day_4,0
H2-Sym-25-B1-1,5,H2-SYM-25C,H2,Sym,B1,25C (ambient),1,5,day_5,0
H2-Sym-25-B1-1,5,H2-SYM-25C,H2,Sym,B1,25C (ambient),1,7,day_7,0
H2-Sym-25-B1-1,5,H2-SYM-25C,H2,Sym,B1,25C (ambient),1,10,day_10,8
H2-Sym-25-B1-1,5,H2-SYM-25C,H2,Sym,B1,25C (ambient),1,11,day_11,8
H2-Sym-25-B1-1,5,H2-SYM-25C,H2,Sym,B1,25C (ambient),1,14,day_14,9
H2-Sym-25-B1-1,5,H2-SYM-25C,H2,Sym,B1,25C (ambient),1,21,day_21,12
H2-Sym-25-B2-1,5,H2-SYM-25C,H2,Sym,B2,25C (ambient),1,0,day_0,0
H2-Sym-25-B2-1,5,H2-SYM-25C,H2,Sym,B2,25C (ambient),1,3,day_3,0
H2-Sym-25-B2-1,5,H2-SYM-25C,H2,Sym,B2,25C (ambient),1,4,day_4,0
H2-Sym-25-B2-1,5,H2-SYM-25C,H2,Sym,B2,25C (ambient),1,5,day_5,0
H2-Sym-25-B2-1,5,H2-SYM-25C,H2,Sym,B2,25C (ambient),1,7,day_7,0
H2-Sym-25-B2-1,5,H2-SYM-25C,H2,Sym,B2,25C (ambient),1,10,day_10,0
H2-Sym-25-B2-1,5,H2-SYM-25C,H2,Sym,B2,25C (ambient),1,11,day_11,x
H2-Sym-25-B2-1,5,H2-SYM-25C,H2,Sym,B2,25C (ambient),1,14,day_14,x
H2-Sym-25-B2-1,5,H2-SYM-25C,H2,Sym,B2,25C (ambient),1,21,day_21,x
H2-Sym-25-B3-1,5,H2-SYM-25C,H2,Sym,B3,25C (ambient),1,0,day_0,0
H2-Sym-25-B3-1,5,H2-SYM-25C,H2,Sym,B3,25C (ambient),1,3,day_3,0
H2-Sym-25-B3-1,5,H2-SYM-25C,H2,Sym,B3,25C (ambient),1,4,day_4,0
H2-Sym-25-B3-1,5,H2-SYM-25C,H2,Sym,B3,25C (ambient),1,5,day_5,0
H2-Sym-25-B3-1,5,H2-SYM-25C,H2,Sym,B3,25C (ambient),1,7,day_7,4
H2-Sym-25-B3-1,5,H2-SYM-25C,H2,Sym,B3,25C (ambient),1,10,day_10,8
H2-Sym-25-B3-1,5,H2-SYM-25C,H2,Sym,B3,25C (ambient),1,11,day_11,10
H2-Sym-25-B3-1,5,H2-SYM-25C,H2,Sym,B3,25C (ambient),1,14,day_14,12
H2-Sym-25-B3-1,5,H2-SYM-25C,H2,Sym,B3,25C (ambient),1,21,day_21,12
H2-Sym-25-B4-1,5,H2-SYM-25C,H2,Sym,B4,25C (ambient),1,0,day_0,0
H2-Sym-25-B4-1,5,H2-SYM-25C,H2,Sym,B4,25C (ambient),1,3,day_3,x
H2-Sym-25-B4-1,5,H2-SYM-25C,H2,Sym,B4,25C (ambient),1,4,day_4,x
H2-Sym-25-B4-1,5,H2-SYM-25C,H2,Sym,B4,25C (ambient),1,5,day_5,x
H2-Sym-25-B4-1,5,H2-SYM-25C,H2,Sym,B4,25C (ambient),1,7,day_7,x
H2-Sym-25-B4-1,5,H2-SYM-25C,H2,Sym,B4,25C (ambient),1,10,day_10,x
H2-Sym-25-B4-1,5,H2-SYM-25C,H2,Sym,B4,25C (ambient),1,11,day_11,x
H2-Sym-25-B4-1,5,H2-SYM-25C,H2,Sym,B4,25C (ambient),1,14,day_14,x
H2-Sym-25-B4-1,5,H2-SYM-25C,H2,Sym,B4,25C (ambient),1,21,day_21,x
H2-Sym-25-C1-1,5,H2-SYM-25C,H2,Sym,C1,25C (ambient),1,0,day_0,0
H2-Sym-25-C1-1,5,H2-SYM-25C,H2,Sym,C1,25C (ambient),1,3,day_3,x
H2-Sym-25-C1-1,5,H2-SYM-25C,H2,Sym,C1,25C (ambient),1,4,day_4,x
H2-Sym-25-C1-1,5,H2-SYM-25C,H2,Sym,C1,25C (ambient),1,5,day_5,x
H2-Sym-25-C1-1,5,H2-SYM-25C,H2,Sym,C1,25C (ambient),1,7,day_7,x
H2-Sym-25-C1-1,5,H2-SYM-25C,H2,Sym,C1,25C (ambient),1,10,day_10,x
H2-Sym-25-C1-1,5,H2-SYM-25C,H2,Sym,C1,25C (ambient),1,11,day_11,x
H2-Sym-25-C1-1,5,H2-SYM-25C,H2,Sym,C1,25C (ambient),1,14,day_14,x
H2-Sym-25-C1-1,5,H2-SYM-25C,H2,Sym,C1,25C (ambient),1,21,day_21,x
H2-Sym-25-C2-1,5,H2-SYM-25C,H2,Sym,C2,25C (ambient),1,0,day_0,0
H2-Sym-25-C2-1,5,H2-SYM-25C,H2,Sym,C2,25C (ambient),1,3,day_3,0
H2-Sym-25-C2-1,5,H2-SYM-25C,H2,Sym,C2,25C (ambient),1,4,day_4,0
H2-Sym-25-C2-1,5,H2-SYM-25C,H2,Sym,C2,25C (ambient),1,5,day_5,0
H2-Sym-25-C2-1,5,H2-SYM-25C,H2,Sym,C2,25C (ambient),1,7,day_7,1
H2-Sym-25-C2-1,5,H2-SYM-25C,H2,Sym,C2,25C (ambient),1,10,day_10,10
H2-Sym-25-C2-1,5,H2-SYM-25C,H2,Sym,C2,25C (ambient),1,11,day_11,10
H2-Sym-25-C2-1,5,H2-SYM-25C,H2,Sym,C2,25C (ambient),1,14,day_14,10
H2-Sym-25-C2-1,5,H2-SYM-25C,H2,Sym,C2,25C (ambient),1,21,day_21,14
H2-Sym-25-C3-1,5,H2-SYM-25C,H2,Sym,C3,25C (ambient),1,0,day_0,0
H2-Sym-25-C3-1,5,H2-SYM-25C,H2,Sym,C3,25C (ambient),1,3,day_3,0
H2-Sym-25-C3-1,5,H2-SYM-25C,H2,Sym,C3,25C (ambient),1,4,day_4,0
H2-Sym-25-C3-1,5,H2-SYM-25C,H2,Sym,C3,25C (ambient),1,5,day_5,0
H2-Sym-25-C3-1,5,H2-SYM-25C,H2,Sym,C3,25C (ambient),1,7,day_7,0
H2-Sym-25-C3-1,5,H2-SYM-25C,H2,Sym,C3,25C (ambient),1,10,day_10,0
H2-Sym-25-C3-1,5,H2-SYM-25C,H2,Sym,C3,25C (ambient),1,11,day_11,x
H2-Sym-25-C3-1,5,H2-SYM-25C,H2,Sym,C3,25C (ambient),1,14,day_14,x
H2-Sym-25-C3-1,5,H2-SYM-25C,H2,Sym,C3,25C (ambient),1,21,day_21,x
H2-Sym-25-C4-1,5,H2-SYM-25C,H2,Sym,C4,25C (ambient),1,0,day_0,0
H2-Sym-25-C4-1,5,H2-SYM-25C,H2,Sym,C4,25C (ambient),1,3,day_3,0
H2-Sym-25-C4-1,5,H2-SYM-25C,H2,Sym,C4,25C (ambient),1,4,day_4,0
H2-Sym-25-C4-1,5,H2-SYM-25C,H2,Sym,C4,25C (ambient),1,5,day_5,0
H2-Sym-25-C4-1,5,H2-SYM-25C,H2,Sym,C4,25C (ambient),1,7,day_7,0
H2-Sym-25-C4-1,5,H2-SYM-25C,H2,Sym,C4,25C (ambient),1,10,day_10,0
H2-Sym-25-C4-1,5,H2-SYM-25C,H2,Sym,C4,25C (ambient),1,11,day_11,x
H2-Sym-25-C4-1,5,H2-SYM-25C,H2,Sym,C4,25C (ambient),1,14,day_14,x
H2-Sym-25-C4-1,5,H2-SYM-25C,H2,Sym,C4,25C (ambient),1,21,day_21,x
H2-Sym-32-A1-1,6,H2-SYM-32C,H2,Sym,A1,32C (heat stress),1,0,day_0,0
H2-Sym-32-A1-1,6,H2-SYM-32C,H2,Sym,A1,32C (heat stress),1,3,day_3,0
H2-Sym-32-A1-1,6,H2-SYM-32C,H2,Sym,A1,32C (heat stress),1,4,day_4,0
H2-Sym-32-A1-1,6,H2-SYM-32C,H2,Sym,A1,32C (heat stress),1,5,day_5,1
H2-Sym-32-A1-1,6,H2-SYM-32C,H2,Sym,A1,32C (heat stress),1,7,day_7,12
H2-Sym-32-A1-1,6,H2-SYM-32C,H2,Sym,A1,32C (heat stress),1,10,day_10,12
H2-Sym-32-A1-1,6,H2-SYM-32C,H2,Sym,A1,32C (heat stress),1,11,day_11,9
H2-Sym-32-A1-1,6,H2-SYM-32C,H2,Sym,A1,32C (heat stress),1,14,day_14,9
H2-Sym-32-A1-1,6,H2-SYM-32C,H2,Sym,A1,32C (heat stress),1,21,day_21,9
H2-Sym-32-A1-2,6,H2-SYM-32C,H2,Sym,A1,32C (heat stress),2,0,day_0,0
H2-Sym-32-A1-2,6,H2-SYM-32C,H2,Sym,A1,32C (heat stress),2,3,day_3,0
H2-Sym-32-A1-2,6,H2-SYM-32C,H2,Sym,A1,32C (heat stress),2,4,day_4,0
H2-Sym-32-A1-2,6,H2-SYM-32C,H2,Sym,A1,32C (heat stress),2,5,day_5,0
H2-Sym-32-A1-2,6,H2-SYM-32C,H2,Sym,A1,32C (heat stress),2,7,day_7,4
H2-Sym-32-A1-2,6,H2-SYM-32C,H2,Sym,A1,32C (heat stress),2,10,day_10,6
H2-Sym-32-A1-2,6,H2-SYM-32C,H2,Sym,A1,32C (heat stress),2,11,day_11,6
H2-Sym-32-A1-2,6,H2-SYM-32C,H2,Sym,A1,32C (heat stress),2,14,day_14,6
H2-Sym-32-A1-2,6,H2-SYM-32C,H2,Sym,A1,32C (heat stress),2,21,day_21,NA
H2-Sym-32-A2-1,6,H2-SYM-32C,H2,Sym,A2,32C (heat stress),1,0,day_0,0
H2-Sym-32-A2-1,6,H2-SYM-32C,H2,Sym,A2,32C (heat stress),1,3,day_3,0
H2-Sym-32-A2-1,6,H2-SYM-32C,H2,Sym,A2,32C (heat stress),1,4,day_4,0
H2-Sym-32-A2-1,6,H2-SYM-32C,H2,Sym,A2,32C (heat stress),1,5,day_5,1
H2-Sym-32-A2-1,6,H2-SYM-32C,H2,Sym,A2,32C (heat stress),1,7,day_7,7
H2-Sym-32-A2-1,6,H2-SYM-32C,H2,Sym,A2,32C (heat stress),1,10,day_10,10
H2-Sym-32-A2-1,6,H2-SYM-32C,H2,Sym,A2,32C (heat stress),1,11,day_11,11
H2-Sym-32-A2-1,6,H2-SYM-32C,H2,Sym,A2,32C (heat stress),1,14,day_14,12
H2-Sym-32-A2-1,6,H2-SYM-32C,H2,Sym,A2,32C (heat stress),1,21,day_21,13
H2-Sym-32-A2-2,6,H2-SYM-32C,H2,Sym,A2,32C (heat stress),2,0,day_0,0
H2-Sym-32-A2-2,6,H2-SYM-32C,H2,Sym,A2,32C (heat stress),2,3,day_3,0
H2-Sym-32-A2-2,6,H2-SYM-32C,H2,Sym,A2,32C (heat stress),2,4,day_4,0
H2-Sym-32-A2-2,6,H2-SYM-32C,H2,Sym,A2,32C (heat stress),2,5,day_5,0
H2-Sym-32-A2-2,6,H2-SYM-32C,H2,Sym,A2,32C (heat stress),2,7,day_7,0
H2-Sym-32-A2-2,6,H2-SYM-32C,H2,Sym,A2,32C (heat stress),2,10,day_10,0
H2-Sym-32-A2-2,6,H2-SYM-32C,H2,Sym,A2,32C (heat stress),2,11,day_11,x
H2-Sym-32-A2-2,6,H2-SYM-32C,H2,Sym,A2,32C (heat stress),2,14,day_14,x
H2-Sym-32-A2-2,6,H2-SYM-32C,H2,Sym,A2,32C (heat stress),2,21,day_21,x
H2-Sym-32-A3-1,6,H2-SYM-32C,H2,Sym,A3,32C (heat stress),1,0,day_0,0
H2-Sym-32-A3-1,6,H2-SYM-32C,H2,Sym,A3,32C (heat stress),1,3,day_3,0
H2-Sym-32-A3-1,6,H2-SYM-32C,H2,Sym,A3,32C (heat stress),1,4,day_4,0
H2-Sym-32-A3-1,6,H2-SYM-32C,H2,Sym,A3,32C (heat stress),1,5,day_5,2
H2-Sym-32-A3-1,6,H2-SYM-32C,H2,Sym,A3,32C (heat stress),1,7,day_7,9
H2-Sym-32-A3-1,6,H2-SYM-32C,H2,Sym,A3,32C (heat stress),1,10,day_10,10
H2-Sym-32-A3-1,6,H2-SYM-32C,H2,Sym,A3,32C (heat stress),1,11,day_11,10
H2-Sym-32-A3-1,6,H2-SYM-32C,H2,Sym,A3,32C (heat stress),1,14,day_14,10
H2-Sym-32-A3-1,6,H2-SYM-32C,H2,Sym,A3,32C (heat stress),1,21,day_21,10
H2-Sym-32-A3-2,6,H2-SYM-32C,H2,Sym,A3,32C (heat stress),2,0,day_0,0
H2-Sym-32-A3-2,6,H2-SYM-32C,H2,Sym,A3,32C (heat stress),2,3,day_3,0
H2-Sym-32-A3-2,6,H2-SYM-32C,H2,Sym,A3,32C (heat stress),2,4,day_4,0
H2-Sym-32-A3-2,6,H2-SYM-32C,H2,Sym,A3,32C (heat stress),2,5,day_5,0
H2-Sym-32-A3-2,6,H2-SYM-32C,H2,Sym,A3,32C (heat stress),2,7,day_7,0
H2-Sym-32-A3-2,6,H2-SYM-32C,H2,Sym,A3,32C (heat stress),2,10,day_10,0
H2-Sym-32-A3-2,6,H2-SYM-32C,H2,Sym,A3,32C (heat stress),2,11,day_11,x
H2-Sym-32-A3-2,6,H2-SYM-32C,H2,Sym,A3,32C (heat stress),2,14,day_14,x
H2-Sym-32-A3-2,6,H2-SYM-32C,H2,Sym,A3,32C (heat stress),2,21,day_21,x
H2-Sym-32-A4-1,6,H2-SYM-32C,H2,Sym,A4,32C (heat stress),1,0,day_0,0
H2-Sym-32-A4-1,6,H2-SYM-32C,H2,Sym,A4,32C (heat stress),1,3,day_3,0
H2-Sym-32-A4-1,6,H2-SYM-32C,H2,Sym,A4,32C (heat stress),1,4,day_4,0
H2-Sym-32-A4-1,6,H2-SYM-32C,H2,Sym,A4,32C (heat stress),1,5,day_5,2
H2-Sym-32-A4-1,6,H2-SYM-32C,H2,Sym,A4,32C (heat stress),1,7,day_7,9
H2-Sym-32-A4-1,6,H2-SYM-32C,H2,Sym,A4,32C (heat stress),1,10,day_10,6
H2-Sym-32-A4-1,6,H2-SYM-32C,H2,Sym,A4,32C (heat stress),1,11,day_11,6
H2-Sym-32-A4-1,6,H2-SYM-32C,H2,Sym,A4,32C (heat stress),1,14,day_14,6
H2-Sym-32-A4-1,6,H2-SYM-32C,H2,Sym,A4,32C (heat stress),1,21,day_21,NA
H2-Sym-32-A4-2,6,H2-SYM-32C,H2,Sym,A4,32C (heat stress),2,0,day_0,0
H2-Sym-32-A4-2,6,H2-SYM-32C,H2,Sym,A4,32C (heat stress),2,3,day_3,x
H2-Sym-32-A4-2,6,H2-SYM-32C,H2,Sym,A4,32C (heat stress),2,4,day_4,x
H2-Sym-32-A4-2,6,H2-SYM-32C,H2,Sym,A4,32C (heat stress),2,5,day_5,x
H2-Sym-32-A4-2,6,H2-SYM-32C,H2,Sym,A4,32C (heat stress),2,7,day_7,x
H2-Sym-32-A4-2,6,H2-SYM-32C,H2,Sym,A4,32C (heat stress),2,10,day_10,x
H2-Sym-32-A4-2,6,H2-SYM-32C,H2,Sym,A4,32C (heat stress),2,11,day_11,x
H2-Sym-32-A4-2,6,H2-SYM-32C,H2,Sym,A4,32C (heat stress),2,14,day_14,x
H2-Sym-32-A4-2,6,H2-SYM-32C,H2,Sym,A4,32C (heat stress),2,21,day_21,x
H2-Sym-32-B1-1,6,H2-SYM-32C,H2,Sym,B1,32C (heat stress),1,0,day_0,0
H2-Sym-32-B1-1,6,H2-SYM-32C,H2,Sym,B1,32C (heat stress),1,3,day_3,x
H2-Sym-32-B1-1,6,H2-SYM-32C,H2,Sym,B1,32C (heat stress),1,4,day_4,x
H2-Sym-32-B1-1,6,H2-SYM-32C,H2,Sym,B1,32C (heat stress),1,5,day_5,x
H2-Sym-32-B1-1,6,H2-SYM-32C,H2,Sym,B1,32C (heat stress),1,7,day_7,x
H2-Sym-32-B1-1,6,H2-SYM-32C,H2,Sym,B1,32C (heat stress),1,10,day_10,x
H2-Sym-32-B1-1,6,H2-SYM-32C,H2,Sym,B1,32C (heat stress),1,11,day_11,x
H2-Sym-32-B1-1,6,H2-SYM-32C,H2,Sym,B1,32C (heat stress),1,14,day_14,x
H2-Sym-32-B1-1,6,H2-SYM-32C,H2,Sym,B1,32C (heat stress),1,21,day_21,x
H2-Sym-32-B2-1,6,H2-SYM-32C,H2,Sym,B2,32C (heat stress),1,0,day_0,0
H2-Sym-32-B2-1,6,H2-SYM-32C,H2,Sym,B2,32C (heat stress),1,3,day_3,x
H2-Sym-32-B2-1,6,H2-SYM-32C,H2,Sym,B2,32C (heat stress),1,4,day_4,x
H2-Sym-32-B2-1,6,H2-SYM-32C,H2,Sym,B2,32C (heat stress),1,5,day_5,x
H2-Sym-32-B2-1,6,H2-SYM-32C,H2,Sym,B2,32C (heat stress),1,7,day_7,x
H2-Sym-32-B2-1,6,H2-SYM-32C,H2,Sym,B2,32C (heat stress),1,10,day_10,x
H2-Sym-32-B2-1,6,H2-SYM-32C,H2,Sym,B2,32C (heat stress),1,11,day_11,x
H2-Sym-32-B2-1,6,H2-SYM-32C,H2,Sym,B2,32C (heat stress),1,14,day_14,x
H2-Sym-32-B2-1,6,H2-SYM-32C,H2,Sym,B2,32C (heat stress),1,21,day_21,x
H2-Sym-32-B3-1,6,H2-SYM-32C,H2,Sym,B3,32C (heat stress),1,0,day_0,0
H2-Sym-32-B3-1,6,H2-SYM-32C,H2,Sym,B3,32C (heat stress),1,3,day_3,x
H2-Sym-32-B3-1,6,H2-SYM-32C,H2,Sym,B3,32C (heat stress),1,4,day_4,x
H2-Sym-32-B3-1,6,H2-SYM-32C,H2,Sym,B3,32C (heat stress),1,5,day_5,x
H2-Sym-32-B3-1,6,H2-SYM-32C,H2,Sym,B3,32C (heat stress),1,7,day_7,x
H2-Sym-32-B3-1,6,H2-SYM-32C,H2,Sym,B3,32C (heat stress),1,10,day_10,x
H2-Sym-32-B3-1,6,H2-SYM-32C,H2,Sym,B3,32C (heat stress),1,11,day_11,x
H2-Sym-32-B3-1,6,H2-SYM-32C,H2,Sym,B3,32C (heat stress),1,14,day_14,x
H2-Sym-32-B3-1,6,H2-SYM-32C,H2,Sym,B3,32C (heat stress),1,21,day_21,x
H2-Sym-32-B4-1,6,H2-SYM-32C,H2,Sym,B4,32C (heat stress),1,0,day_0,0
H2-Sym-32-B4-1,6,H2-SYM-32C,H2,Sym,B4,32C (heat stress),1,3,day_3,0
H2-Sym-32-B4-1,6,H2-SYM-32C,H2,Sym,B4,32C (heat stress),1,4,day_4,0
H2-Sym-32-B4-1,6,H2-SYM-32C,H2,Sym,B4,32C (heat stress),1,5,day_5,0
H2-Sym-32-B4-1,6,H2-SYM-32C,H2,Sym,B4,32C (heat stress),1,7,day_7,3
H2-Sym-32-B4-1,6,H2-SYM-32C,H2,Sym,B4,32C (heat stress),1,10,day_10,11
H2-Sym-32-B4-1,6,H2-SYM-32C,H2,Sym,B4,32C (heat stress),1,11,day_11,13
H2-Sym-32-B4-1,6,H2-SYM-32C,H2,Sym,B4,32C (heat stress),1,14,day_14,14
H2-Sym-32-B4-1,6,H2-SYM-32C,H2,Sym,B4,32C (heat stress),1,21,day_21,14
H2-Sym-32-C1-1,6,H2-SYM-32C,H2,Sym,C1,32C (heat stress),1,0,day_0,0
H2-Sym-32-C1-1,6,H2-SYM-32C,H2,Sym,C1,32C (heat stress),1,3,day_3,x
H2-Sym-32-C1-1,6,H2-SYM-32C,H2,Sym,C1,32C (heat stress),1,4,day_4,x
H2-Sym-32-C1-1,6,H2-SYM-32C,H2,Sym,C1,32C (heat stress),1,5,day_5,x
H2-Sym-32-C1-1,6,H2-SYM-32C,H2,Sym,C1,32C (heat stress),1,7,day_7,x
H2-Sym-32-C1-1,6,H2-SYM-32C,H2,Sym,C1,32C (heat stress),1,10,day_10,x
H2-Sym-32-C1-1,6,H2-SYM-32C,H2,Sym,C1,32C (heat stress),1,11,day_11,x
H2-Sym-32-C1-1,6,H2-SYM-32C,H2,Sym,C1,32C (heat stress),1,14,day_14,x
H2-Sym-32-C1-1,6,H2-SYM-32C,H2,Sym,C1,32C (heat stress),1,21,day_21,x
H2-Sym-32-C2-1,6,H2-SYM-32C,H2,Sym,C2,32C (heat stress),1,0,day_0,0
H2-Sym-32-C2-1,6,H2-SYM-32C,H2,Sym,C2,32C (heat stress),1,3,day_3,x
H2-Sym-32-C2-1,6,H2-SYM-32C,H2,Sym,C2,32C (heat stress),1,4,day_4,x
H2-Sym-32-C2-1,6,H2-SYM-32C,H2,Sym,C2,32C (heat stress),1,5,day_5,x
H2-Sym-32-C2-1,6,H2-SYM-32C,H2,Sym,C2,32C (heat stress),1,7,day_7,x
H2-Sym-32-C2-1,6,H2-SYM-32C,H2,Sym,C2,32C (heat stress),1,10,day_10,x
H2-Sym-32-C2-1,6,H2-SYM-32C,H2,Sym,C2,32C (heat stress),1,11,day_11,x
H2-Sym-32-C2-1,6,H2-SYM-32C,H2,Sym,C2,32C (heat stress),1,14,day_14,x
H2-Sym-32-C2-1,6,H2-SYM-32C,H2,Sym,C2,32C (heat stress),1,21,day_21,x
H2-Sym-32-C3-1,6,H2-SYM-32C,H2,Sym,C3,32C (heat stress),1,0,day_0,0
H2-Sym-32-C3-1,6,H2-SYM-32C,H2,Sym,C3,32C (heat stress),1,3,day_3,x
H2-Sym-32-C3-1,6,H2-SYM-32C,H2,Sym,C3,32C (heat stress),1,4,day_4,x
H2-Sym-32-C3-1,6,H2-SYM-32C,H2,Sym,C3,32C (heat stress),1,5,day_5,x
H2-Sym-32-C3-1,6,H2-SYM-32C,H2,Sym,C3,32C (heat stress),1,7,day_7,x
H2-Sym-32-C3-1,6,H2-SYM-32C,H2,Sym,C3,32C (heat stress),1,10,day_10,x
H2-Sym-32-C3-1,6,H2-SYM-32C,H2,Sym,C3,32C (heat stress),1,11,day_11,x
H2-Sym-32-C3-1,6,H2-SYM-32C,H2,Sym,C3,32C (heat stress),1,14,day_14,x
H2-Sym-32-C3-1,6,H2-SYM-32C,H2,Sym,C3,32C (heat stress),1,21,day_21,x
H2-Sym-32-C4-1,6,H2-SYM-32C,H2,Sym,C4,32C (heat stress),1,0,day_0,0
H2-Sym-32-C4-1,6,H2-SYM-32C,H2,Sym,C4,32C (heat stress),1,3,day_3,x
H2-Sym-32-C4-1,6,H2-SYM-32C,H2,Sym,C4,32C (heat stress),1,4,day_4,x
H2-Sym-32-C4-1,6,H2-SYM-32C,H2,Sym,C4,32C (heat stress),1,5,day_5,x
H2-Sym-32-C4-1,6,H2-SYM-32C,H2,Sym,C4,32C (heat stress),1,7,day_7,x
H2-Sym-32-C4-1,6,H2-SYM-32C,H2,Sym,C4,32C (heat stress),1,10,day_10,x
H2-Sym-32-C4-1,6,H2-SYM-32C,H2,Sym,C4,32C (heat stress),1,11,day_11,x
H2-Sym-32-C4-1,6,H2-SYM-32C,H2,Sym,C4,32C (heat stress),1,14,day_14,x
H2-Sym-32-C4-1,6,H2-SYM-32C,H2,Sym,C4,32C (heat stress),1,21,day_21,x
